year,ACCESS-CM2_r1i1p1f1,ACCESS-ESM1-5_r1i1p1f1,AWI-CM-1-1-MR_r1i1p1f1,BCC-CSM2-MR_r1i1p1f1,CAS-ESM2-0_r1i1p1f1,CNRM-CM6-1_r1i1p1f2,CNRM-ESM2-1_r2i1p1f2,CanESM5_r1i1p1f1,CanESM5-CanOE_r1i1p2f1,EC-Earth3-CC_r1i1p1f1,EC-Earth3-Veg_r1i1p1f1,EC-Earth3-Veg-LR_r2i1p1f1,FGOALS-g3_r1i1p1f1,GFDL-CM4_r1i1p1f1,GFDL-ESM4_r1i1p1f1,GISS-E2-1-G_r1i1p1f2,HadGEM3-GC31-LL_r1i1p1f3,INM-CM5-0_r1i1p1f1,IPSL-CM6A-LR_r1i1p1f1,KACE-1-0-G_r1i1p1f1,MIROC-ES2L_r4i1p1f2,MPI-ESM1-2-HR_r1i1p1f1,MPI-ESM1-2-LR_r3i1p1f1,UKESM1-0-LL_r1i1p1f2,CESM2_r3i1p1f1,FGOALS-f3-L_r1i1p1f1,MIROC6_r1i1p1f1,MRI-ESM2-0_r1i1p1f1,NorESM2-MM_r1i1p1f1,EC-Earth3_r1i1p1f1,
1850,-0.3656,-1.0074,-1.2883,-0.98841,-0.12186,0.83805,0.77253,-0.40529,-0.43753,-0.22919,-1.5419,-0.2741,-1.4961,-4.6175,0.038653,-1.6778,0.7243,-1.5684,-0.34346,0.19424,-0.6626,-0.0014689,0.71187,-1.8871,-1.5151,-0.040682,1.0112,-0.74371,1.3446,0.67025
1851,0.86857,-0.36561,-1.5862,-1.3907,0.22234,-0.69413,-1.6618,-0.10559,-1.4529,0.36852,-1.6855,-0.024449,-1.2322,-3.1451,-0.38553,-0.5111,-0.17724,0.30039,-0.88417,-1.0011,-1.0783,-1.0039,-0.31926,2.3073,-1.3503,-1.2719,0.064391,-1.3911,-0.81947,-0.25016
1852,1.5997,0.95425,-0.35976,-1.3869,0.98824,0.4217,-1.0139,-0.79023,-0.94178,-0.51587,0.25062,0.87839,-1.2953,-4.2239,-1.979,-0.60106,-0.4105,0.14089,0.12949,0.21971,2.1958,-2.4814,0.24782,-0.70392,0.23994,-1.6289,2.3785,-0.81835,-0.23116,-0.1111
1853,-0.63332,-0.62951,-2.4423,-1.843,0.22184,-0.74178,0.93203,-2.5216,-1.3573,0.14227,0.68928,-0.41173,0.14987,-4.4164,0.83356,-0.5436,0.20614,0.77054,-1.875,-1.972,0.66291,-1.2377,1.0286,0.0019398,-1.1302,-1.2388,1.635,0.6711,-0.50822,0.81175
1854,0.69693,0.37425,-2.2923,0.5836,0.78674,0.07843,-0.47658,-1.6932,-0.58735,-1.499,0.45535,0.15942,-1.3534,-3.9713,-0.56618,0.57774,-0.85985,-0.59575,-1.1082,0.030169,-0.24377,-0.96663,-0.19593,-0.36667,-0.64904,-2.4852,-0.47492,1.4643,-0.3704,-0.78781
1855,1.2242,-0.65252,0.49804,-2.4676,-0.32585,1.5312,1.186,0.35865,-2.2498,-1.4272,-1.2419,1.326,0.22686,-3.7913,1.3336,0.087762,-2.4257,-2.5259,0.047268,0.48732,-2.8361,-0.96344,-0.20577,-0.53747,-0.0050699,-1.7404,-0.27561,-1.5928,0.18542,0.83433
1856,0.057301,-0.27093,-0.47284,1.2072,-1.4447,1.2528,1.716,-0.58232,-0.94611,-0.081181,-0.74027,0.39162,-0.17436,-3.2371,-0.71854,-0.64124,0.32803,0.055246,-0.51726,-0.95107,0.57462,-0.94955,-1.4458,0.53252,0.76464,-0.80595,1.2699,-0.21333,-0.44018,-0.43774
1857,-0.26282,-0.88519,1.0864,-1.8747,-0.16224,0.32375,-1.8444,-1.035,0.047388,-0.091024,-0.90569,0.42985,0.017979,-4.3121,0.40537,0.93169,0.16707,-0.3333,-0.80269,0.19199,1.8528,-1.5768,-1.0426,-0.13578,0.61857,-2.5364,1.2109,0.0303,-0.44837,-0.43381
1858,1.1624,0.77889,-1.2228,-0.73212,0.55395,-1.0424,-1.8666,-1.7604,-0.387,0.58607,-0.016503,-1.1395,0.77174,-5.6653,-0.12531,-0.20956,-0.77684,-0.28607,-0.88343,-1.8665,1.3295,-1.6917,-0.95217,0.85197,-0.86682,-0.16385,-2.0648,0.8692,0.15098,1.2768
1859,0.82787,-1.1515,-0.55952,-0.52234,0.41458,-0.96775,-2.3537,-1.5271,-1.67,0.46902,-1.8032,1.2896,-2.1582,-4.2927,-0.059314,-0.095264,0.085975,-0.86114,-0.73124,-0.87157,0.30439,-1.0407,0.14759,-0.68234,0.20842,-0.90615,-0.1853,-0.36396,0.98023,-1.2716
1860,0.3593,-0.28533,-1.9801,1.2972,0.10615,0.28232,0.62965,-1.0272,-1.9769,1.8621,-1.5657,0.96547,-1.9268,-4.1323,-0.22749,0.40656,1.6585,-0.72863,-1.621,-0.94763,-1.1664,-0.90908,-2.0954,1.0648,1.2053,-1.0953,0.65362,1.1883,-0.58148,1.3057
1861,0.64256,0.022431,-1.5548,-1.7111,0.39352,-0.87908,2.9563,-1.4709,-1.3978,0.669,-1.2385,-0.58049,-0.18865,-3.7355,0.28194,-0.24401,-0.62683,-2.219,-0.92178,-0.90875,0.64683,0.041346,1.0732,0.55293,1.0282,-2.2566,0.77279,0.48804,0.92385,0.91434
1862,0.67013,0.8962,0.28694,0.79351,0.9151,1.1111,1.5024,-0.90049,-1.904,-0.53364,-1.546,0.12973,-0.78855,-4.0874,-0.33784,0.062592,0.77987,-1.1514,-1.3149,-0.35763,0.89598,-0.94634,-1.8767,-1.1355,-1.2536,-2.5595,-0.21216,0.68493,-0.39434,0.93116
1863,0.055889,-1.4449,-1.6444,-1.7793,0.23426,-0.23696,-0.52993,-1.1852,-1.6315,-0.40881,-0.31735,0.61673,-1.3011,-3.5459,0.44019,0.1247,1.7842,-0.19263,-1.0739,-1.7301,1.0766,-1.9423,-2.3009,-0.82066,-0.004529,-1.4503,-1.5069,-0.87297,1.7792,-0.51591
1864,-0.29576,0.28698,-1.3593,-0.38712,0.39006,0.31011,-0.80813,-1.2913,-0.35268,0.13933,-1.6089,-0.33927,-0.9407,-4.408,-0.0065235,-0.20992,-1.104,0.24552,-1.1335,0.42753,-0.37443,-0.29917,-1.0934,-1.4816,1.4226,-2.2254,1.0923,0.39522,1.7248,0.92378
1865,1.687,0.32919,-2.4033,0.85515,-0.52304,-0.30822,-0.16642,0.57981,-0.74778,0.29004,-0.13622,-0.039637,-1.5455,-4.4815,-0.3386,0.41449,0.75339,-0.31721,0.27616,-0.80051,-0.48952,0.86536,-1.6852,-0.013866,0.74851,-1.4548,0.2966,0.14613,0.0024574,1.1557
1866,-0.23346,1.2226,-1.2438,-0.70057,0.77298,-0.85699,-0.25672,-0.45776,-1.1434,-0.91909,0.77198,-0.049994,-0.65446,-3.3841,-1.6214,-0.10501,-0.75842,-0.76352,-0.2571,-1.5806,0.15985,-2.0462,-0.3033,-0.055503,0.90732,-1.2803,-0.25248,-0.85241,1.8837,0.60618
1867,-0.88786,0.88618,-0.23363,0.51688,0.21526,0.25028,-0.01133,-0.94315,-2.1703,0.19612,-0.50339,-0.93521,-2.4643,-4.4121,-1.2605,-1.0625,-0.30149,-0.89193,-0.63117,-0.2526,0.3335,0.24206,-2.7843,-0.98109,-0.54451,-1.4446,0.32427,0.16735,0.71954,0.31493
1868,1.1547,-0.73843,-0.36876,-3.4842,1.6427,-0.28078,0.23385,-0.49719,-0.55472,0.30917,-0.4884,-0.015916,-2.296,-3.4963,-0.27504,0.26106,0.57218,-0.53212,0.096227,-0.16717,0.7074,-1.3871,-2.6941,-1.7029,0.29241,-1.8036,-0.029604,-0.19222,-1.1714,0.91563
1869,-0.76001,-0.48631,-2.7712,1.4232,1.4705,0.37242,0.28373,-1.0719,-1.4087,-0.54653,-0.038738,1.1478,-1.5641,-3.2457,0.64585,-1.4953,1.8126,-1.5845,-1.8034,-0.63769,-3.1992,-1.9017,-1.7094,-1.0138,1.1467,-1.1771,0.93519,0.062654,0.36814,-0.60335
1870,-0.18427,-0.15442,-0.20122,-0.72669,0.90008,0.0050859,-0.082426,-0.023746,-1.0431,-1.5391,-0.81972,-0.49287,0.3133,-2.901,0.39846,-1.0149,-1.1131,-1.4667,-1.3415,-1.1649,-1.6966,-1.5739,-1.4085,-2.1799,-0.20311,-1.9668,0.19252,-0.6213,-0.88461,1.0686
1871,-0.44559,-2.4066,-1.4251,-2.1988,-0.68871,-0.98525,0.24234,0.34946,-1.4336,-0.89064,-0.31419,0.21301,-0.71223,-3.3622,-0.73785,-0.69994,-1.1825,-1.8832,-1.4744,-0.054925,0.25826,-1.2544,0.98789,-0.21212,0.8897,-1.6823,-0.4958,-1.0037,-1.0064,0.31812
1872,-0.86229,-0.021283,-1.9663,-2.0813,-0.8803,0.86254,-1.5745,1.0037,-1.4787,0.052568,-1.3225,-0.29037,-1.5504,-3.8126,-0.67429,1.7376,-0.10372,-0.92101,-0.88379,-1.0265,1.5768,-0.23011,-1.8131,-1.3679,1.0296,-3.0089,0.64813,-1.4049,2.3868,0.64477
1873,-0.27788,-0.92223,-1.4736,0.65086,-0.077284,-0.41534,0.7367,-0.65537,-0.83879,-0.67509,-2.4379,0.90752,-0.31851,-2.8872,-0.34642,-0.56409,-0.25313,-0.19152,-2.4712,-2.0754,-0.19566,-1.9158,-1.4049,-1.436,0.029086,-2.1154,1.9758,-1.0477,1.3176,0.14441
1874,0.65319,-1.3167,-0.1537,-0.58203,0.27189,-0.41656,0.12404,-0.2012,-0.30438,0.11759,-2.0583,0.91859,0.77728,-4.4056,-1.5901,0.88432,-1.2223,-0.96671,0.30653,-1.0124,-0.91721,-0.64987,-2.3599,-2.5245,0.088728,-1.3693,-1.324,-0.35007,-0.36139,0.039667
1875,0.0082911,-2.1367,-0.82952,-0.067339,0.105,-0.85253,0.10289,-0.46257,-0.29698,-0.70843,-0.74101,0.48053,-1.3172,-4.714,0.17187,-0.50568,-0.25303,-1.0127,-1.6262,-0.56847,-0.027802,-1.1288,-0.052487,-1.0041,0.68157,-0.13463,0.58374,-1.9087,1.1897,0.39183
1876,-0.24815,-0.61837,-1.0338,-0.15343,0.40632,-0.28146,0.27028,-1.9937,0.098138,0.55772,-0.69237,-1.1847,-0.90736,-4.2986,0.90715,-0.62593,-0.28072,-0.55364,-1.6227,-0.76297,0.12975,-0.43975,-1.9521,0.19884,1.9823,-0.55127,0.053058,0.27062,-0.2273,-0.45645
1877,-0.1997,0.028189,-0.10163,-1.3471,-0.41329,-0.91201,1.0728,-1.2129,-0.49982,0.62334,-0.11001,-0.41581,-1.4661,-3.7522,0.22861,0.31507,-1.655,-1.4959,-1.5363,-1.2258,0.72361,0.83913,-1.8092,-0.41891,0.25994,0.34946,2.0839,1.5732,0.051506,0.71608
1878,1.3232,-0.28985,-1.2706,0.016531,0.040015,1.0949,-0.72334,-0.74921,-1.4413,-0.53805,-1.3725,-0.10942,0.98016,-4.4012,-1.7864,-2.5387,-0.12227,-1.1108,-1.1708,-0.10006,0.76926,0.73578,-0.15378,1.3898,1.2678,0.581,-0.2364,-0.63084,-0.093607,0.73882
1879,-0.58427,-0.92859,0.011468,-1.7458,-0.45098,0.24744,-1.415,-1.2969,0.42988,-1.3431,-1.1379,-1.5355,-1.4548,-3.8144,-0.53517,-1.0892,-0.30881,-0.69701,-0.33789,-0.053906,1.4193,-1.9409,-1.1052,-0.39828,-0.14928,0.76829,-0.13851,0.19659,-0.9984,-1.029
1880,-0.61354,-0.14937,-0.59636,-0.21366,-0.40063,0.51258,-0.57279,-1.147,-0.99258,0.37136,-0.91956,-0.58764,-0.13183,-4.2832,-0.39422,-0.25948,-1.1725,-0.04373,-1.4514,0.50842,3.0732,-0.84208,-1.3022,-0.87485,-0.064599,-3.1281,-0.23413,0.54282,-0.11442,0.25121
1881,-0.31195,0.10597,-0.056507,0.75641,0.095338,-0.76413,0.79447,-0.95666,-0.40231,0.63974,-1.9484,1.9756,-2.7115,-4.4264,-0.30625,-0.94891,1.784,-1.0235,-1.8258,-0.26063,2.7944,0.49103,-0.90233,-0.15762,0.42336,-0.47802,0.42962,-0.4861,-0.97919,0.19755
1882,0.40675,0.064149,-1.5214,-1.1278,0.11752,-0.44119,0.66113,0.10974,-0.54582,-1.709,-1.2424,-0.57607,-2.3887,-3.6154,0.87975,-0.64401,0.16559,1.9667,-1.3137,1.0006,0.91148,-1.877,-1.9246,-0.22545,-0.10083,-1.4948,-0.44713,-0.028573,0.55319,-0.2001
1883,-0.29677,1.2772,1.1216,-0.49893,-0.16722,-0.70127,-0.69591,-1.3433,-0.97166,-1.4289,-2.0569,-0.11312,-1.001,-4.5286,-0.69142,-0.55898,0.34975,-1.6956,-1.1906,-1.0762,0.7739,-1.6752,-0.42674,-1.9736,0.34768,-2.7334,-0.68474,-0.11529,0.59781,-0.16472
1884,-0.19424,-0.24276,-2.2079,-2.9639,-0.7237,-0.92855,0.90391,-2.3897,-2.4536,-2.0828,-2.824,0.053063,-1.0607,-5.0297,-1.0184,-1.0508,-2.3606,-2.2348,-2.3975,-2.0569,-1.0717,-1.8068,-1.8218,-2.4823,-0.5979,-1.1174,-1.3958,-1.0526,-0.8456,-1.8201
1885,-0.89448,-0.51037,-1.1598,-2.7578,-0.055574,-1.3065,-1.3498,-1.4436,-2.1842,-0.94232,-1.1734,0.039476,-1.7788,-4.3067,-0.72527,-0.30277,-0.18671,-3.2565,-1.0675,-1.6017,0.47992,-2.4061,-2.5435,-2.0837,-0.17539,-0.77942,0.14053,-0.0069156,-0.22867,0.54223
1886,-1.4861,-1.4018,-0.14395,0.34427,1.1312,-1.9295,0.27067,-0.76574,-1.3304,-1.0108,-1.167,-0.16457,-2.6656,-4.972,-0.032246,-0.44196,-2.1906,-0.20133,-0.78479,-0.18523,-0.89136,-1.7744,-1.7263,-0.9989,-0.37931,-0.39457,-0.084256,0.17741,-0.82207,-0.84465
1887,0.13179,-2.1523,-0.10729,0.74916,-0.20991,-1.9056,-0.68423,0.23923,-1.0536,0.33078,-0.23997,-0.062534,0.42302,-4.1353,0.21418,-0.55012,-0.81918,-2.1521,-1.0012,-1.716,0.37107,-1.0956,0.35944,-0.24469,-1.0762,-2.6073,-0.16876,-0.72717,-1.1581,0.90138
1888,-0.73071,-0.19008,-0.94968,0.085512,0.42962,-0.75371,-2.3585,-1.4097,-0.14465,-0.55257,-0.98017,0.39964,-0.67209,-4.6469,-0.69335,-0.46694,2.2033,-0.95807,-2.0506,-0.65088,0.51709,-1.149,-2.2133,-0.19393,-0.6651,-0.51786,-0.94817,1.0194,-0.21903,-0.64502
1889,-1.0392,-1.0147,-0.47222,1.3572,0.0071215,1.0853,-1.0716,0.24088,-1.5097,-1.264,-1.4824,-1.8553,-3.1136,-5.2645,-0.38332,0.54305,-1.7223,-1.3998,-0.75245,0.034731,0.86865,-0.40539,-1.5872,0.63215,-0.49774,-1.7316,0.87809,-0.76952,1.885,0.75949
1890,1.0184,-1.5869,-1.5099,0.24568,-0.069283,0.044275,-0.79987,-0.26198,-1.5282,-0.8064,-0.23787,-0.5742,-1.1355,-4.5858,-0.22665,0.52223,-1.0168,-1.5053,-0.18625,-1.519,-0.61576,0.079422,-1.0304,-1.5552,-0.77556,-2.8906,2.0189,-0.60083,-0.60467,0.20715
1891,-0.20508,-0.46774,-0.29527,0.85598,-1.1972,-0.49369,-2.0864,-1.1466,-2.1145,-0.62039,-0.94843,0.19921,-1.2644,-4.1635,-0.17616,-0.31166,-0.36543,-1.4091,-2.297,-1.7949,-0.2136,-0.65837,-2.0272,-1.0122,0.71302,-1.3294,-0.43,-0.26831,0.40575,0.74213
1892,0.019892,-0.37046,1.0395,-2.1453,0.86009,0.17838,-0.14326,-1.5566,-3.232,-1.1551,-1.979,-0.72759,-1.3228,-4.4044,-0.77329,-0.24906,-0.27258,0.23788,-0.86739,-0.18496,1.4416,-1.9279,-0.84189,-0.34553,0.62563,-0.542,-1.4598,-1.6139,0.27233,-0.26417
1893,-0.26765,-2.0978,-0.35177,-1.2032,0.37028,-1.6141,-0.51388,-2.7564,-1.3442,-2.1457,-0.37233,0.34736,1.486,-4.5269,0.63329,1.3669,-1.3077,-1.357,-2.6014,-0.28569,1.1607,-0.68761,-3.0362,-0.20447,-0.85402,-1.0868,-0.31297,-1.7347,-1.0457,-0.15274
1894,-1.4568,-0.26986,-2.1363,0.61306,0.055892,-1.8444,-0.14126,-0.409,-0.52772,-0.5587,0.7605,-0.15295,0.4737,-3.9521,-0.00051869,-1.2915,-1.4482,0.99791,-0.2374,-0.88835,-0.081482,-0.87449,-1.9845,1.1823,-1.6278,-1.2541,-1.0039,-1.7062,1.0844,0.24506
1895,-1.1281,-1.9117,-1.2878,-0.074996,-1.0385,-0.89687,-2.0025,-2.1569,-1.3799,-2.1287,-1.2102,0.19702,-0.68687,-5.4898,-1.1778,-1.8028,-1.7259,0.84247,-1.2462,-1.2023,0.84197,-1.2724,-1.604,-0.53758,-0.11994,-2.4507,-0.10354,0.25848,0.32342,-0.4246
1896,0.55243,-0.87728,-2.2192,-1.8909,-0.0038432,-0.78399,-1.1785,-0.21933,-1.421,-2.3226,-1.8706,-0.41957,-0.76795,-4.5225,0.00020368,-1.2862,0.40897,-1.3438,0.19843,-0.92135,-0.31354,-1.3539,-1.2273,-2.1101,0.84548,-3.3198,1.4382,-0.054325,-0.86912,-1.4443
1897,0.0025606,-1.0188,-0.83633,-0.73576,-0.43375,-0.52314,-0.65156,-1.6982,-0.88246,1.4959,-0.89105,-1.3561,-1.954,-5.2987,0.48234,-0.87152,0.53455,-0.7616,-2.3203,-1.52,0.59421,0.051368,-2.8418,1.2802,-0.44853,-0.76645,1.6788,0.86841,-0.24116,-0.86723
1898,-0.81049,-1.0635,-0.44047,-0.64557,-0.36121,-0.47982,-1.1385,-1.2389,-0.95856,-2.0518,0.8581,0.36388,0.72224,-4.5859,0.21343,0.2769,-0.36597,1.1594,-0.68235,-1.4376,-1.0778,-0.94115,-2.3455,-0.41363,-0.58242,-1.8021,-0.68589,-0.81049,-0.24995,0.82387
1899,0.37092,-1.4184,-0.64266,-2.3299,0.22523,-0.79274,0.078924,-0.44939,-2.1724,-0.49619,0.074061,-0.26175,-0.71775,-5.0287,0.61835,-0.5601,-0.40093,-0.6214,-1.6214,-0.52784,-1.2868,-1.5578,-1.0654,-0.58104,-1.228,-2.5645,-1.4875,0.81809,1.7719,0.58375
1900,-0.75364,-0.38466,-1.9087,1.2792,0.59826,0.8499,-1.7849,-1.6445,-2.6542,-0.34662,-0.61859,-0.31019,-1.0491,-4.9095,-0.088666,-1.0052,-0.12298,0.76391,-1.516,-2.5063,-1.8415,-1.6653,-1.5583,-1.6882,-0.44872,-2.3207,-1.0202,-0.6185,-0.09548,-0.42128
1901,0.55304,-1.9366,-1.178,-3.1931,1.1775,0.11633,-1.6666,-0.40819,-1.9241,-0.68826,-1.041,0.50831,-1.9219,-3.7825,-0.48537,-1.3509,-1.6177,-0.92496,-0.10722,-0.23333,0.46538,-0.38436,-0.5668,-0.048967,-1.4576,-0.80837,-1.6851,-0.62727,-1.5238,-0.35503
1902,0.32411,1.3181,-2.4033,-2.799,-0.26147,-1.9475,0.055016,-1.5132,-1.1497,-0.49252,-1.6748,1.0968,-1.4781,-5.0792,0.33057,0.28691,-0.96835,-2.6783,-1.1969,-0.31939,3.309,-1.2897,0.17549,-1.1299,-0.16785,-1.7286,-0.70582,0.062664,0.5872,-0.39782
1903,-1.6835,-3.2327,-1.7622,-0.82144,-0.50113,-1.6724,-1.4792,-1.1435,-3.0905,-1.4806,-2.161,-0.92993,-3.9622,-5.5487,0.40601,-1.5016,-1.3151,-1.6858,-2.8747,-2.1448,-1.1615,-0.63303,-1.6182,0.052391,-1.0077,-2.4255,-1.1403,-1.2228,-2.8741,-0.86328
1904,-1.1513,-0.77185,-0.83945,-0.16973,1.1057,-0.78666,-2.1739,-1.7275,-2.7092,-1.2548,-1.0317,-0.043758,-1.3735,-3.8936,-1.0988,-0.1273,-2.6687,-1.7395,-0.62232,-3.3446,-0.81169,-1.6596,-1.0453,-0.18905,-1.4728,-2.3048,-2.0078,-0.50414,-0.67677,0.51177
1905,-0.022385,-0.59358,0.20527,-2.2598,0.32278,-1.0451,-0.58289,-1.5198,-1.4764,-1.479,-0.14826,-0.17139,-1.3604,-4.2488,-0.85857,-2.2657,-1.2837,-1.716,-2.7069,0.50154,1.4525,-1.2044,-0.28599,0.01264,0.51569,-1.7434,-0.68124,0.64891,1.7901,0.3007
1906,-0.72027,-0.97136,-1.4319,-1.3564,-0.85287,0.077197,-0.16605,-2.0928,0.35303,-0.44541,-1.7148,-0.29327,-2.1818,-5.0295,0.21884,-1.0688,-1.5682,-1.9674,-0.55936,-0.3867,-0.69921,-1.5238,-1.5449,-1.1621,0.30082,-1.4502,0.084019,-0.39586,-2.2067,-0.64583
1907,-1.764,-1.5211,-1.1654,-2.0119,-0.29442,-1.513,-1.1432,-1.9759,-1.4163,-3.539,-2.2855,-0.86395,1.2545,-4.8779,-0.54754,-1.4052,-0.46173,-2.5594,0.30947,-2.9948,-1.2755,-0.74691,-1.6168,-0.62977,0.1285,-0.077209,-0.51467,-1.0444,-2.5627,-0.63851
1908,-0.14139,-1.3627,0.56548,-0.97032,-0.21052,-1.1794,-1.0548,-2.065,-0.34185,-0.83489,-0.80815,-0.095312,-0.94427,-5.6191,0.10422,-1.6129,-1.719,0.92968,-1.0263,-0.22381,0.66153,0.15115,-1.1647,-0.49431,0.90334,-1.2551,-1.7895,-0.20624,-2.6471,-0.36861
1909,0.89615,1.0036,-0.89789,-1.5456,0.11618,-1.0162,-0.51767,-2.4722,-0.71709,-0.93379,-0.94482,0.44424,0.35239,-4.7035,2.2545,-0.32559,0.18042,-1.9419,-1.7975,-2.6139,-0.3215,-0.43431,1.2736,1.1699,1.5443,-1.5076,-0.92687,-0.30864,-1.0144,-1.1399
1910,-0.97766,-0.48085,-0.47811,0.077552,-1.253,-0.62649,0.018835,-1.2352,-0.72851,-2.829,-0.96621,-0.9103,-1.9332,-5.021,-0.58326,-0.9289,-1.3915,-1.6998,-0.79262,-0.95042,1.8664,-0.046028,-1.5095,1.38,0.43722,-2.0013,0.81151,-0.096534,-1.1953,1.8853
1911,0.19594,-1.7248,-0.6283,0.091176,-0.44407,-0.64523,-1.7831,-2.2541,-1.2723,-2.6624,-2.3068,-0.30963,-0.61155,-4.3068,-0.12842,-0.83094,-2.6288,-0.19634,-0.47526,-1.9704,1.1288,-1.5265,-1.4788,0.086629,-0.5559,-2.206,0.65169,-0.19003,-0.50884,-0.27822
1912,-0.7802,0.71752,-1.7866,-1.9111,-0.53671,-0.9924,-2.4438,-1.8623,-0.082778,-1.4425,-1.9017,-0.47944,-2.5897,-3.5444,-0.5713,-0.59316,-1.2437,-1.8042,-2.0197,-1.0848,-0.56431,-1.4296,-1.94,-0.95734,1.2564,-0.93966,0.65286,-1.212,-0.93295,-1.0049
1913,-1.4939,-0.92444,-1.0459,-0.11488,-0.78951,-0.91297,0.12202,-0.35053,-0.85631,-1.0629,-2.2643,0.37612,-2.2583,-4.891,-0.8637,-0.13034,-2.0473,-0.68972,-3.0458,-2.231,-0.13434,-2.0174,-1.9244,-1.068,-1.556,-2.0769,-0.54273,-1.2478,-0.8107,-1.5016
1914,-0.92478,-2.8158,0.58505,-0.8498,-0.090265,-0.26007,-1.642,0.096635,-2.2205,-0.99955,-1.3924,0.99785,-1.968,-5.1144,-0.92775,-0.49255,-2.0836,-0.92159,-1.6382,-3.3149,0.57386,0.093096,-1.0983,-2.0636,-0.88931,-1.8494,-0.40879,0.18345,-1.0264,0.24087
1915,-1.507,-0.39714,-1.0694,-1.7193,-1.1378,0.51439,-2.1026,-1.3954,-1.4746,-1.4455,-1.3585,0.15323,-0.058861,-4.5319,-0.018987,-1.5159,-1.5712,-1.0579,-2.7203,-0.47603,1.2456,-1.5413,-0.73804,1.4686,-0.39547,-0.58675,-2.0777,1.1243,-0.83422,1.1979
1916,-1.7598,-0.98659,-0.57976,-1.4543,0.34676,-0.82634,-0.13268,-1.4539,-0.5869,-0.76733,-1.9306,1.9492,-0.66041,-5.0847,0.27097,-1.0906,-0.40647,-0.9678,-0.52868,-0.1553,1.4189,-1.4333,-1.7588,-1.5381,-0.61367,-1.7333,-1.6919,0.43371,0.081212,-1.0983
1917,0.40902,0.16159,-0.90034,-2.4253,-0.7697,-0.33702,-2.6311,-1.7809,-1.3333,-1.3168,-1.7615,0.23236,-0.70918,-4.4572,-0.068198,-1.5908,-0.070789,0.63096,-0.81618,-1.1736,0.45639,-0.97204,-1.3957,-0.21082,1.0938,-1.2106,-1.2,0.68318,0.46866,0.15683
1918,-0.87831,-0.5548,-0.70305,-0.83319,-0.25895,-1.2837,-1.0157,-1.4882,-2.1717,-1.2342,-0.088325,-0.34271,-1.1891,-5.3441,0.30513,-0.3899,-0.75557,1.2264,-2.4535,-1.1817,0.65774,-0.70892,-2.6005,-1.3099,0.028796,-0.70287,-0.75144,-1.1285,0.86355,-0.74225
1919,-1.5141,-0.10116,-0.87244,-2.1914,-0.31409,-0.79663,1.2548,-1.5806,-1.7958,-0.38605,1.5829,-0.74341,0.50924,-5.1262,-1.4455,-1.2746,-1.5696,-1.6851,-0.28574,-1.6905,0.84433,1.1142,-1.4583,0.090586,0.32713,-1.2543,-0.91391,0.035752,1.3439,0.094996
1920,-0.14775,-0.67305,-0.33415,0.10518,-1.3979,-1.6916,-1.9846,-1.3208,-1.5925,-0.95138,-0.28439,0.25293,0.48225,-3.6931,-1.4959,-1.1024,-1.0977,0.14404,-0.16588,-0.98931,-1.3991,0.85783,-0.51634,-0.55576,0.23812,0.65823,0.084678,-0.47734,-0.88293,1.3333
1921,-1.061,-0.69056,-1.3489,-1.9114,-1.1874,-2.731,-0.86859,-1.679,-0.68651,-0.28395,0.4039,-1.0281,-2.4562,-4.453,0.43512,-1.9965,-1.6408,-0.13161,-2.2314,-1.0289,-0.59934,-2.1918,0.31899,-0.93137,-1.2109,-0.55555,-1.3046,0.39219,-1.1294,0.54996
1922,0.43555,0.9979,-0.92182,-0.089761,-0.1789,-0.31882,-3.1721,-2.3018,-1.2858,-1.6037,0.077972,-0.2668,-0.37221,-4.2235,-1.0052,-0.9025,-1.1413,0.54515,-0.5869,-2.4875,0.53993,-1.0123,-1.5005,-0.96149,1.644,-0.77008,-1.1191,-0.37906,0.060283,2.634
1923,-1.0196,-0.262,-0.35954,-2.4134,0.71654,-1.0278,-0.87283,-2.3381,-0.697,0.072953,-1.3227,0.21629,-0.88547,-4.5173,-2.1867,-0.57168,-2.7213,-2.2249,-0.78743,-1.3563,0.7911,-0.86453,-0.55635,-2.6264,-1.1241,-1.8809,0.55338,-1.1444,0.42982,-1.2256
1924,-0.56058,0.10099,-2.5878,-0.22452,-1.0591,0.94971,-0.97267,-1.2743,-1.0721,-0.48027,0.68146,1.6595,-2.7777,-4.5445,-0.082572,-1.5037,-1.911,-1.3122,-2.7249,-0.24043,-1.2199,-0.79229,-1.211,-1.9923,-0.15444,-1.8644,-1.5841,1.8168,-0.24472,-0.42876
1925,0.066071,-0.24749,-1.5438,-1.6099,-0.59143,-2.2762,-2.0124,-1.9468,-0.4626,-1.1073,-0.36496,-0.78068,0.11791,-4.9919,-0.45886,-1.2606,-0.30067,1.5339,-1.6891,-0.45883,1.1112,-1.2064,-2.1109,-1.7316,-0.65285,-2.8836,0.46739,-1.233,-0.72545,-1.0898
1926,-0.30119,-0.72008,0.49556,-1.4029,-0.48485,-1.6774,0.039068,-0.39362,-0.07653,-0.3636,-2.2634,0.19614,-2.7634,-3.9719,-0.37196,-2.2552,-1.4808,0.074019,-0.80351,-1.0546,2.0667,-1.2815,-0.58995,-0.024929,-0.70573,-1.2234,-0.3369,-0.95541,-1.0046,-1.3884
1927,-0.82466,-0.36041,-1.6679,0.11043,-1.021,-0.64674,-1.5782,-0.8873,-1.1144,-0.86974,-2.2731,-0.92459,-1.3229,-4.4599,-0.82228,-0.61553,-2.7215,-1.5664,-1.4191,-1.2262,-0.20743,0.4973,-1.6981,-0.77574,-0.022895,-0.48726,-0.45148,0.44373,0.062046,1.4183
1928,0.82867,-0.45133,-0.98195,-0.6375,0.038595,-0.88269,-1.935,-1.8897,0.45304,0.46185,-1.0791,-1.6104,0.98872,-4.8144,-0.30445,-2.1733,0.11448,-1.4112,-2.2666,0.21694,-2.3941,-0.75426,-1.254,-0.97672,-0.55372,-1.5828,-0.55144,-0.63058,0.076705,0.52665
1929,-1.7684,-1.6978,-0.31782,-1.3961,-0.87326,-0.31967,0.2183,-0.9491,-1.6924,-0.51082,-2.8369,1.1116,-1.1714,-5.0272,-0.97581,-1.705,-2.9807,0.3132,-1.0941,-0.20628,-1.1622,-0.90385,-0.70505,-0.14394,0.1116,-2.163,-0.69441,-0.25036,-0.48352,-0.5455
1930,-0.15765,-2.0692,-1.2052,-1.8026,-0.91257,-0.024717,-0.73861,-1.6655,-1.051,-1.0604,-0.61161,0.21261,-0.77022,-3.7322,0.96406,0.89766,-1.4685,0.48812,-0.90809,-0.26486,-0.42113,-1.5215,-0.65047,-3.1252,-0.7687,-1.6749,-1.052,-0.85427,1.077,-0.66236
1931,0.31939,-0.66608,-1.5701,-0.44126,-0.65652,-2.2999,-0.16275,0.099018,-2.0913,0.54366,-2.6242,0.15148,-0.93756,-4.2579,-2.0145,-1.0968,0.18504,-1.0195,-1.0682,-1.9216,1.0454,-0.48079,-0.61384,-0.505,-0.6172,-1.7311,0.03995,0.86564,-0.056494,-0.31184
1932,0.070371,-0.88638,-0.76968,-2.9672,0.51667,-1.5804,1.2141,-0.70387,-0.83931,-0.4816,-1.999,0.62075,-1.4323,-3.8271,-0.46894,-0.19103,-0.95654,-1.4282,-1.8473,-0.57953,-0.45456,-0.44885,0.65428,-1.7993,0.69485,0.73713,-0.83365,-0.58519,0.5146,0.88187
1933,0.80929,0.54623,-0.45909,-0.10709,0.25972,-0.87329,-0.68977,-1.4631,-1.3981,-0.98233,0.50611,0.53801,-0.11702,-3.9977,1.144,-1.8665,-0.25389,1.0858,-2.0095,-1.6403,-0.84998,-0.83228,-0.12521,-0.8337,-0.35011,-2.5494,-0.93583,-0.40934,-0.22889,-0.11921
1934,0.18156,0.12414,-0.85297,-1.9542,-0.54392,-0.70849,-1.3427,-1.8346,-0.67839,-0.45407,-0.66816,-0.10624,-1.0784,-3.8629,0.9989,-1.7938,-1.3026,0.084718,-1.6633,-1.4558,0.69695,-0.32015,0.11823,0.10282,-0.26697,-1.182,-0.91356,-0.34656,-1.2717,1.728
1935,-0.58126,-1.3858,1.0342,-1.0856,-1.7044,-0.55727,-1.6927,-1.1051,-1.715,0.32756,-1.7813,0.99857,-1.784,-4.2548,0.13078,-0.17115,-0.72998,-0.74801,0.44564,-0.95505,0.74387,-0.41232,-0.034442,-0.47494,-0.11247,-1.4923,0.25453,-0.077074,0.1594,-1.727
1936,-1.0937,0.27081,-1.5643,0.21396,-0.49587,-1.1288,-2.2965,-0.75317,-0.84806,-0.76559,0.19706,-0.01955,-2.2062,-5.4088,-0.61447,-1.113,-0.11089,-1.3999,0.68007,-1.1879,1.3926,-2.5663,-0.52848,-1.3288,1.1693,-2.9015,-0.60575,-1.1395,-0.060078,-1.4121
1937,0.22456,-2.3703,-2.1708,0.43038,-0.083434,-0.18732,-1.1249,-1.1658,-1.8841,-0.46354,-0.22087,-2.0896,-3.4952,-4.1911,-0.079844,0.13713,0.07288,-0.95313,-1.2051,0.080368,1.1214,-2.1821,-0.27834,-0.79373,0.26074,-0.85929,0.59553,-0.78203,-1.2581,1.1378
1938,-0.33572,-0.50307,-2.1777,-1.1398,-0.76702,-1.1241,0.15386,-0.90731,-1.0017,-0.35255,-1.9772,-0.16685,0.31292,-4.9924,-0.44002,-0.16886,-0.035658,-1.9196,-2.3173,-0.98254,1.1666,-1.6024,-2.9882,-2.2824,0.21697,0.24782,-1.1428,-0.94089,0.61355,-0.99188
1939,-0.89586,-2.2109,-0.44666,-2.0801,-0.45694,-0.80098,-1.6266,-0.65913,-2.153,-1.0389,-2.4936,-0.66569,-1.931,-4.2012,-1.3737,-0.53256,-1.0167,1.2389,-1.4651,-1.1206,1.1732,-0.37411,-1.7096,-0.19178,0.031523,-2.2478,-0.33005,-0.5481,-0.34388,-1.4859
1940,-0.25869,0.59035,-2.9144,-1.0643,-1.2029,-1.3383,-2.4503,-0.40806,-1.2226,-1.1657,-1.9895,-0.65768,-1.4046,-4.6565,-0.36456,-0.99165,-2.3584,-0.44248,-1.4726,-2.1822,-0.40061,-1.0681,-0.72975,0.08223,-1.1998,-4.9011,-0.44277,-0.40497,-0.92033,0.11539
1941,-1.4549,-1.5814,0.18993,-1.6563,-0.92421,-0.92893,-1.0924,-0.0038667,-2.1531,-0.47989,-0.12805,-1.1542,-1.1146,-4.6713,0.34058,0.54319,-1.6889,-0.78048,-2.2495,-0.54409,0.24005,-0.59026,-0.85734,-0.61369,-0.68223,-1.9358,-0.44906,-1.0212,-0.2363,-0.45719
1942,-0.051367,-2.6578,0.10448,0.024015,0.90044,0.80894,-2.4237,-0.72776,-1.912,1.0017,-0.39221,0.53106,0.26816,-5.1923,0.25,-1.5938,-2.3646,-0.61087,-0.97781,-0.84102,1.084,0.48823,-1.6236,-1.5553,0.33847,-0.63236,-0.22404,-1.3032,-1.7908,-0.76327
1943,-0.54216,-1.4682,-0.97988,-0.78501,0.053911,0.38963,-0.67698,-1.2038,0.11548,-0.19782,-1.4255,0.31745,-1.9397,-4.2655,0.2973,-0.31714,-1.1441,0.19285,-0.59685,-2.0364,-0.074954,-1.3442,-0.79492,-1.911,-1.6516,-1.4109,-1.8315,-1.7385,0.76544,-1.268
1944,0.81903,0.87253,-1.5328,0.22952,-1.3317,-0.82594,-1.8922,-0.598,-0.072458,-1.1671,-0.75072,-1.2207,-1.9842,-4.2951,-1.6037,-0.7031,-2.336,0.32213,-0.79308,0.38052,0.16942,-0.60052,-1.3698,-1.3145,0.99145,-1.2118,0.10475,-0.4302,-0.47002,-1.5852
1945,-0.65284,-0.21628,0.1288,1.413,-2.0101,-1.6492,-1.1016,-2.5844,-2.2044,0.45162,-2.1162,-0.58006,-0.78911,-5.1886,-0.81396,-1.1405,-0.57329,-2.1409,-1.5626,-2.1389,-0.81038,-0.66748,-0.33773,0.40621,-0.47322,0.76477,0.64046,-0.46998,-0.31971,-0.57523
1946,0.12862,-2.813,-0.40875,-1.2414,-0.56571,-1.3744,-0.77254,-0.81964,-1.9567,1.1699,0.050971,-1.3295,-0.69253,-4.5144,0.064426,-1.6796,-0.72689,-1.937,-0.38589,-0.43544,-1.9637,-1.0561,-0.16662,-0.54863,-1.0209,-0.22478,-0.33272,0.50664,-0.78127,-1.5827
1947,0.2627,-1.9796,0.040469,-1.3521,-0.12269,-1.7257,-1.508,-1.5506,-2.2164,-0.0057369,0.15817,0.18992,-1.1518,-3.895,0.6921,0.26913,-1.1358,-2.1689,-1.973,0.83405,-0.56394,-1.1733,-0.914,-0.45914,-1.8948,-1.6313,0.81583,-0.39682,-0.4822,-0.62105
1948,1.61,-1.1442,-1.7748,0.90758,-0.53099,-0.98933,-1.8697,-3.5012,-2.652,0.2994,-1.8852,1.4019,-0.11068,-4.1298,-0.18197,-0.72688,-0.5624,0.034372,-1.1929,0.38824,0.87707,-0.58068,-0.82235,-0.080232,-0.28269,-1.9509,-1.2314,0.21047,-0.48778,-0.37894
1949,-0.80582,-2.3567,1.38,-1.0886,-0.86443,-1.956,-0.69983,-1.9802,-1.4879,-1.1427,-0.6342,-0.37874,-1.2939,-4.1708,-0.70892,-0.48522,-3.0183,-2.0106,0.19988,-0.4369,0.9777,-0.23138,-0.73266,-2.0812,-0.028254,0.089336,0.95679,-0.52195,0.41706,0.49168
1950,-0.73217,-0.35933,-0.30212,-0.0035005,0.0082695,-1.2204,-0.89366,-1.4537,-1.7428,-0.29493,-1.7786,0.084726,-1.0427,-0.75059,-1.1127,-2.7421,-0.19678,-0.15669,-0.26047,-1.308,-0.059197,-1.1147,-1.27,1.0579,-0.48214,-0.41925,1.3296,-0.40463,0.42719,-0.59575
1951,-1.6381,-0.0045177,-0.5186,-0.85049,0.04676,-0.44926,-2.5054,0.28166,-0.85358,-0.83244,-0.28152,-0.83895,-1.1256,-1.0642,0.013862,-0.55836,-1.0242,-1.9561,-1.4045,0.79166,-0.50763,-0.52583,0.04293,-1.3965,-0.90312,-2.4974,-0.7094,-1.0095,-0.76148,-0.97927
1952,-0.26119,-1.5149,-2.316,0.13139,-0.68636,0.78634,-1.988,-0.98154,-0.08031,-2.3191,-1.1187,0.46978,1.0815,-1.2641,0.24589,-0.19894,-2.5057,-1.7106,-0.31459,-0.068515,0.62654,-1.2493,-2.1839,-0.24478,0.048896,-0.93396,-0.81797,-0.38113,0.6204,-1.8452
1953,-0.54914,-0.12748,-0.61328,-1.1103,-1.1606,-0.80404,-2.5696,0.025402,-0.61884,-0.55217,0.22539,-0.060158,1.2981,-0.28582,0.17622,-0.94898,-2.4178,0.55139,0.15586,-0.6085,0.067223,-0.55485,-0.92409,-1.6827,-1.744,-0.39981,-0.65051,1.1544,-1.5587,-0.90294
1954,0.22881,-2.6067,-0.21775,-1.6604,-0.19949,-0.35326,-2.501,-0.47675,-0.13916,0.58257,-0.80051,0.055004,1.1097,-1.1208,-0.11204,-0.43934,-1.8935,0.9067,0.10615,-1.4117,-0.0045769,-0.041512,0.85915,-1.7358,-0.227,-2.4002,-0.14698,-0.59765,0.37323,-1.4172
1955,-1.4726,-1.7632,-0.11698,-0.90383,-0.40546,-1.258,-0.95976,-0.98481,-1.425,-1.7823,-0.21654,0.058173,-0.88193,0.0075043,-0.16228,-0.72955,-1.3539,-0.26745,-1.4074,-0.87606,-0.10678,-0.61335,-0.039462,-1.2141,-0.68224,-0.57577,-0.83394,-1.4214,0.26546,-1.2539
1956,1.1223,0.6299,-1.0831,-0.050632,-1.1621,0.19492,-1.3457,-0.74117,-1.1792,-0.59146,-2.1908,-1.8315,-1.9794,-0.67442,-2.0782,-0.83165,-1.2978,-1.7356,-1.8612,0.10344,-0.72923,-0.85796,-2.1798,0.25928,-1.622,-2.0179,-0.39442,-1.2644,-0.47756,-0.83202
1957,-0.10505,-1.1678,-0.18205,-1.8151,-0.069277,-1.9198,-0.41202,-1.6882,-0.79946,-1.2308,-0.99032,-0.18173,-1.2339,-2.0593,0.20225,-1.063,0.21326,0.022418,-1.9682,0.074345,0.73651,0.24064,0.48072,-1.9559,-1.8846,-2.1138,-1.37,0.83816,-0.50723,-1.342
1958,-0.67259,-0.97558,0.4573,1.6946,-2.0946,-0.73623,-2.0596,0.49904,-0.98359,-2.5056,-1.213,1.0661,-1.9133,-1.2111,-0.42406,-2.1974,-2.1081,-1.147,-0.72975,-0.30439,1.3864,-1.4617,0.25104,-0.85389,-0.7045,-2.2242,-1.4634,-0.1804,-0.32649,-1.3243
1959,-0.46609,-1.5494,-1.5445,0.24448,-1.0807,-1.1121,-0.3477,-3.4746,-0.68322,-0.78225,0.97022,1.4176,1.6638,-2.0955,-2.6466,-0.76644,-0.81376,-0.72503,-1.2991,-0.45763,1.7644,-0.57351,-0.66836,-1.7849,-0.53274,-3.2683,-1.6059,-1.1989,0.24386,-0.083599
1960,-1.3528,-0.84488,0.36707,-0.72747,-0.30539,-1.5292,-0.56153,-2.3632,-1.7065,0.8958,0.52595,-0.10035,-0.51548,-1.7139,-0.48399,-1.9483,-1.7121,0.083585,-1.5224,-1.8886,-1.8627,-0.93935,-1.4357,-3.1358,0.23742,-0.3876,-1.1767,-1.184,-1.2067,0.6253
1961,-0.4691,-1.4403,-0.71213,-1.236,-1.4733,-0.24289,-1.1369,-3.9313,-2.4363,-0.94346,-1.274,-0.31359,0.55267,-0.2208,-2.1135,-0.50169,-0.15154,-1.566,-2.7402,-0.62548,-0.61109,-1.1133,-0.79613,-2.694,-0.87867,-1.7082,-1.8268,-0.089486,1.0849,-0.45158
1962,-0.5071,-3.2209,-2.5329,-1.1735,-1.4471,-0.35222,0.29577,-0.20874,-0.92973,-1.2548,-2.2492,-0.77255,-1.9287,-0.9738,-2.4026,-0.69701,-2.3481,0.68541,-0.47239,0.027701,-0.077003,-0.62468,-1.0354,-1.5069,-0.93328,-0.12065,-2.0359,-2.2196,-0.75118,-0.85462
1963,-1.3246,-3.5896,-0.79765,1.6819,-1.4404,-0.63187,-0.37388,-2.0456,0.0032417,-1.1574,-0.70696,-0.093844,1.6125,-1.5494,-0.81236,-1.8521,-2.9205,0.97026,-0.41357,-1.7313,-0.14229,-0.87771,-1.1428,-2.6593,-1.0465,-0.90182,-2.3423,-1.6782,-0.70406,-1.2574
1964,-1.9422,-2.1717,-1.246,-2.2485,-1.7785,-0.74,-1.1239,-2.516,-1.5423,-1.0231,0.32446,-0.58004,1.3355,-2.1212,-1.7971,-1.1425,-0.12855,-0.9438,-2.7753,-0.97821,0.035959,-0.39983,-2.2782,-1.7678,-2.2296,-2.6691,-0.58156,-1.6819,-1.5102,-2.4525
1965,-0.99453,-1.5356,0.27858,-2.3438,-1.558,-0.32664,-0.34565,-1.5079,-1.54,-1.2964,-2.3077,-1.2995,-2.4249,-1.9122,-0.31889,-0.24416,-0.66398,-0.81781,-1.0378,-2.3454,-1.128,0.01168,-1.4872,-3.4144,-0.27099,-1.1704,-0.005548,-1.9622,-0.42273,-1.6328
1966,-0.042356,-1.7376,0.0043105,-0.44891,-1.9176,-1.3304,-0.62507,-1.7231,-2.1375,-0.60991,-0.55544,-0.71069,-0.13199,-1.0624,-1.7216,-2.2294,-0.79892,-1.2084,0.025972,-2.0274,-1.3202,0.15614,-1.234,-3.1292,-1.3605,-1.469,-0.38213,-1.7751,-1.9845,0.60377
1967,-0.099682,0.38712,-0.96614,0.67165,-0.49585,-0.38752,-1.7165,-1.2177,-0.97329,-0.88965,-0.076783,-0.55016,-3.0525,-2.0286,-2.2423,-2.1498,-0.77701,-0.67779,-0.7738,-1.1418,-3.8011,-0.11811,-2.2321,-0.62982,-1.3062,-1.6339,-1.5408,0.48819,-2.6918,-0.8881
1968,-1.0593,-2.1576,-2.1572,0.29144,-0.51624,-0.84236,-1.1899,-0.3872,-1.2834,-1.4234,-0.71354,0.3455,-1.6127,-1.7766,-0.61907,-3.1356,-2.437,-1.3168,-1.0773,-0.2482,0.25808,-1.419,-1.5668,-3.1232,-0.70017,-0.14132,-1.3018,-1.0939,-2.6049,-1.3024
1969,-0.71149,-1.8892,-2.0785,-0.56774,-0.35816,-1.3315,0.90103,-1.7807,-2.2445,-0.37517,-1.8947,-0.97075,-1.4543,-2.2675,-0.76768,-0.67804,-1.4724,0.17972,-1.9917,-1.8816,-1.8001,0.37037,-1.671,-2.1298,-0.326,0.48817,-1.0407,-0.59098,-3.118,-0.5631
1970,-1.7525,-2.894,-0.91731,-0.75953,-1.7106,-1.5878,-1.5877,-2.01,-0.89779,-1.2048,-2.193,-1.3219,-2.3076,-2.4573,-1.3991,-0.67153,-0.39412,-1.2336,0.0661,-1.0262,0.055858,-1.1559,-0.43695,-1.6584,-0.20533,-1.0034,-2.3586,-0.72488,-2.9589,-0.62619
1971,-1.4149,-0.52876,-0.79673,-1.8407,-0.88812,-1.0027,-1.1973,-1.3619,-0.95396,-0.82208,-1.7079,0.879,-2.2866,-0.95544,-0.72757,-1.2993,-1.0522,-0.39206,0.047356,-0.20887,-1.3942,0.60331,-1.2751,-3.8154,-0.35314,-3.6501,-2.6918,-1.2658,-0.70087,-1.4063
1972,-0.50337,-0.49382,-0.70545,-1.2445,-1.5095,-1.8202,-0.092283,-2.1211,-2.9941,-1.2404,-0.92267,0.64029,-1.7641,-1.3042,-1.5765,-2.4822,-0.55809,0.91236,-2.0503,-1.7022,-0.18657,-0.27747,-1.3892,-2.4133,-0.496,-0.67686,-1.0783,0.52342,-0.56138,-0.27575
1973,-1.5829,-2.0711,0.27725,-0.30036,-0.57318,-0.88329,-1.5069,-0.88434,-1.201,-1.7818,-2.5161,-0.44701,-1.8715,-0.69306,0.89821,-0.59109,-2.17,-1.7513,-0.99541,0.0079898,-0.72666,1.2529,-2.0517,-2.0993,-1.2596,-0.4737,-2.4024,0.53914,-0.67414,0.42829
1974,-1.8466,-2.4957,-0.19662,-2.9152,-0.74909,-1.3346,-1.9324,-0.90273,-1.792,0.086243,0.13309,-0.71769,0.22548,-1.641,0.030497,-1.6664,-1.4791,-1.2599,-1.4315,-1.4308,0.2072,0.92604,-0.7048,-1.9929,-1.5275,-0.85953,-1.2038,-0.66171,-1.8694,-1.6765
1975,-1.0135,-1.3129,-0.33699,-2.7351,-2.0409,-0.11229,-2.7169,-1.3254,-2.7075,-0.4245,-0.55611,1.6313,-0.95828,-1.8721,-0.97749,-0.50802,-1.6724,-0.51117,-1.4848,-1.0772,0.51902,-0.67635,0.26894,-2.8466,-0.76412,-1.2052,-1.4627,-2.3548,-1.904,-1.0334
1976,-1.0997,-2.2566,-1.1519,-2.0039,-0.48945,-0.12584,-1.5495,-2.6315,-2.2557,-1.0548,0.045389,-0.39235,-1.8432,-2.3469,-1.6747,-1.6658,-1.5716,0.99293,-1.3395,-0.93882,-1.3001,-0.81183,-2.2774,-2.5946,-0.43457,-1.7874,-1.2619,-0.99236,-0.26364,-0.0051623
1977,-1.4543,-0.85073,-2.8358,-1.1294,0.59382,-1.1886,-0.54996,-1.2945,-1.2092,-2.0867,-1.862,-1.9041,-0.13845,-1.1599,-1.8325,-2.8531,-2.8214,-1.5441,-0.97242,-0.4508,-3.571,-0.96052,-0.012173,-2.2677,-0.87113,-1.5712,-0.92173,1.474,-1.2335,-2.0206
1978,-0.26204,-1.034,-0.36265,-3.2472,-1.2972,-0.65565,-0.75029,-2.362,-1.4557,-1.4376,1.1474,-1.4136,-0.55376,-0.9547,-1.5616,-1.6261,-1.2834,0.20021,-0.6764,-0.818,-2.3581,-0.87263,-0.86428,-2.0066,-0.50886,0.47342,-1.0381,-1.7676,-0.8143,-1.0968
1979,-0.82525,-1.618,0.52341,-1.7279,-1.3967,-0.66886,-0.93371,-0.5901,0.18772,0.97196,-1.2436,-0.71456,-1.3894,-1.5335,-0.074249,0.79836,-2.0059,-1.253,-1.3935,-1.027,-1.111,-1.6145,-0.45484,-1.5784,-1.45,-1.8282,0.30066,-1.2916,-2.0654,-0.18154
1980,-0.40137,-1.677,-0.57668,-1.4933,-0.82344,-0.67924,-0.46951,-2.559,-0.8256,-2.0614,-2.2399,1.2415,-1.5893,-0.0024341,0.42558,0.23028,-0.87098,-0.14229,-0.75816,-1.1755,-0.26774,-0.36935,0.52553,-2.3368,-1.9106,-2.3765,-0.091725,-2.3887,-0.61239,-1.3306
1981,-1.6616,0.18555,-0.34139,-1.2455,-0.067886,1.2397,0.44428,-1.5365,-0.56394,-0.31688,-1.6564,-0.36578,0.10156,0.23454,-2.1486,-0.64167,-2.8057,-0.63235,-1.9906,-2.7254,1.0546,-0.90265,-2.6041,-3.7548,-0.35765,-1.4035,-0.09616,0.026892,-1.4811,-1.092
1982,-0.29843,-1.4432,1.2366,-1.2698,-1.5929,-0.15376,0.03419,-1.975,0.40804,-0.89884,0.94863,0.96953,-1.1858,-1.5323,0.25395,-0.88712,-2.6969,1.2337,0.66292,-1.6795,0.34064,-0.66405,0.32479,-1.2023,-1.4835,-0.63678,-0.70184,-0.89036,-0.45435,-1.397
1983,-0.74485,-1.9649,-0.30226,-1.9333,-1.4792,-0.21524,0.21574,-1.1496,-0.62124,-1.2498,0.060628,-1.9328,-3.1286,-1.093,-1.1133,-2.0509,-2.2302,-5.1695,-1.2507,-0.86058,-1.7231,-0.43862,-2.1378,-2.9326,-2.2497,-2.091,-1.1824,-0.51119,-2.1219,-1.594
1984,0.17738,-1.7756,0.25845,0.45837,-1.3795,-0.45282,-1.4714,-1.0553,-0.43681,-1.2693,-1.804,-1.5158,-1.9253,-0.2,-1.1355,-1.2978,-0.78943,-1.0075,-1.0888,-2.0935,1.0816,-1.0188,-0.97102,-1.6462,-1.2937,-2.251,-1.7427,0.106,-1.8986,-0.7126
1985,0.11562,-0.69601,-1.6527,-1.6684,-1.2875,-1.7452,-1.272,-0.009296,-1.1481,-0.12948,-1.1447,-0.84491,-1.2236,-0.4657,-1.935,-2.5175,-0.82506,-1.8448,-0.96313,-1.2553,0.59113,-1.7317,-2.0344,-0.20669,-1.3987,1.2383,-0.66383,-0.86765,-1.4894,-0.035859
1986,-1.3908,-1.1714,-0.10298,0.94642,-1.7342,-0.33235,-0.52691,0.43317,1.1927,0.29003,-1.343,-0.52987,-0.30764,-0.092396,-1.6252,-1.8181,-1.405,-1.4441,-0.10103,-1.4268,-0.83766,-1.4973,0.039641,-2.5849,-0.86151,-1.0646,-0.59359,-0.80611,0.88419,-1.1028
1987,0.54157,-1.6467,-2.8415,-1.825,-0.91097,0.15049,0.34353,-1.6001,0.5651,-1.028,1.2731,-1.9637,-1.7117,-0.55705,-1.482,-0.53833,-0.14684,0.58869,-0.62702,-0.15415,0.19245,-0.94185,0.55124,-2.249,-1.0233,-1.0438,-0.57985,-1.3559,-0.021069,-1.0634
1988,-0.27441,-1.4817,-0.6979,0.58998,-0.72689,-1.1302,-0.028475,-1.1454,-1.4757,-1.5229,-1.9247,-0.12117,-2.7901,-1.4676,-1.5107,-1.7941,-1.1426,-0.43687,-0.17014,-1.3885,0.14643,0.98763,-0.68817,-0.131,-0.72405,-2.7173,-3.2177,-0.76133,0.91114,-1.0953
1989,0.28669,-1.4842,-1.0109,0.032193,0.11636,0.74034,-1.3264,0.23533,-0.94777,-0.87079,-0.057543,0.016127,-0.21086,-0.4235,-0.12464,-1.4072,-2.0172,-1.4829,-0.27462,-2.0839,-1.0805,0.105,-1.0541,-0.94596,-1.9903,-1.477,-0.85381,-2.2701,1.0605,0.058887
1990,-0.62007,-0.45552,-0.40208,-0.42764,-0.36582,0.33153,0.90607,0.39728,0.37279,3.8915,-0.21356,-1.0076,-0.54925,-0.7526,-0.6627,-1.0442,-1.347,-1.5186,1.0356,-1.0524,-0.087441,-1.1777,0.078997,-1.1801,-1.5898,-1.9921,-1.5752,-1.5192,0.12025,0.26586
1991,-1.3148,-0.084831,0.67031,-0.19428,-0.96552,0.10871,1.5303,-2.4911,-2.2316,-0.82613,-2.2806,-1.8463,-1.285,-0.56931,1.4509,-2.6536,-1.3194,-1.5317,-0.69483,0.24813,-0.59107,0.38121,-1.2317,0.32849,-2.4018,-1.7572,-1.0716,-1.2275,-0.22803,-0.34919
1992,-1.353,-2.7032,0.102,-1.5407,-0.89248,-2.444,-1.4595,-1.3646,-1.32,-1.4005,-1.1524,-1.8664,-1.4363,-3.3419,0.5598,-0.037805,-1.9883,-1.1933,0.44615,-0.73894,-2.0187,-0.51937,-0.81454,-0.0030074,-2.5335,-1.1563,-1.0047,-1.3417,0.042396,-0.44137
1993,-0.96848,-1.1478,-0.55643,0.22325,-0.86172,-0.59217,0.55262,-0.26898,-0.60192,-1.9191,0.19208,-0.90986,-1.1333,-1.6044,-0.47458,-2.7242,-2.1465,-0.2394,-1.8175,-2.3783,0.0092884,0.039935,-1.0794,-1.4742,-1.0904,-2.5945,-1.2385,-0.83536,-0.22995,-1.8267
1994,-1.9227,1.0772,-1.7123,-1.938,0.52333,0.2333,0.83813,0.28146,-0.68714,-0.89267,-0.80907,-1.2051,-0.88661,-0.43578,-1.2028,0.87353,-0.18599,-1.2936,0.19964,-2.1575,1.1135,-1.4077,-1.0802,-2.3448,-0.4414,-0.26473,-0.76236,-0.82159,-0.87545,-1.8485
1995,-1.005,-0.95154,-1.3057,0.42852,-0.65557,-1.197,-0.81914,0.25864,-0.21623,1.5748,0.067236,0.076115,-0.89527,-0.39877,-1.186,0.583,0.32201,-0.66505,-0.30759,-0.92248,0.038726,-0.95648,-0.49863,-0.3352,-0.60355,-0.13445,-0.97363,-0.14321,0.071901,0.77897
1996,-0.15355,-0.54986,0.29909,0.78787,-0.302,-1.1603,-1.0585,-0.60466,-1.3619,-0.51947,0.081324,-1.3399,-0.80459,-0.96935,0.35556,0.95171,-0.013922,-0.86568,-1.7243,-0.85172,-2.2016,1.8821,0.61246,0.41931,-1.4891,-0.78242,0.66379,1.0515,-2.9913,-0.3811
1997,0.071588,-0.76572,0.15166,-0.64774,-0.10941,-0.53415,0.71969,0.077307,-0.18112,0.11574,-1.434,1.164,-0.94382,0.099272,-0.37092,0.22672,-0.082999,0.0014383,-0.78905,-1.1928,-0.62919,-0.10505,0.72097,-0.53968,-0.29274,0.48104,-1.8557,-2.2111,-0.99443,0.49284
1998,0.58115,-0.23905,0.52166,1.7087,0.43764,-1.5057,0.0036167,0.34467,-0.081414,-0.63019,0.4704,0.58025,0.020872,-0.85208,-1.3225,0.40375,-0.52273,0.2729,-0.38025,-1.0324,0.11227,-0.69794,0.70765,-1.535,-0.064756,1.2488,-0.16652,0.35172,0.31871,-0.26206
1999,-1.0871,-0.37878,-0.95692,0.75213,0.2105,-0.17802,-2.046,-1.0145,-0.33627,-0.75906,-0.76774,0.86009,0.44889,-0.38583,-0.19142,-0.48031,-0.82328,2.166,-0.87787,0.5574,1.056,-0.9131,0.29842,0.43891,0.81736,-0.013088,-1.0126,-0.34101,-0.87727,-1.1209
2000,-0.11866,-0.37724,1.0795,-1.1388,-1.5577,-0.13899,1.3643,1.5601,-0.12822,0.75026,1.0178,1.4052,1.023,-0.53633,1.0243,0.89813,-1.2064,-1.048,-0.24824,0.72295,0.75378,-1.1808,1.4911,0.11043,0.52074,0.2032,-0.34334,-1.2827,0.9003,0.73085
2001,0.32519,-0.71828,0.56929,1.7732,0.14341,1.4244,-0.55938,-0.02614,-1.3276,-0.085199,-1.2763,0.34634,1.6563,0.73176,-1.8412,-0.037078,0.9657,1.1764,0.0042913,0.81997,0.53581,0.61276,1.31,-1.1979,-0.2443,0.94556,0.75302,-0.52512,-0.21225,-0.52916
2002,0.63002,-1.6722,0.4124,-0.67892,-0.15194,0.6943,-0.45182,-1.0366,1.4913,1.3154,-1.0021,-0.21806,1.2687,0.1153,-1.4171,2.2159,0.4405,-0.024021,-0.62886,-1.0457,-0.0039103,0.48769,-0.33283,-0.854,0.30914,1.4019,-0.31827,1.2748,-0.56661,-0.6437
2003,0.1542,0.29449,-0.65462,-2.5023,-1.7566,-1.3458,-0.76082,-0.2887,-1.2709,0.035208,-0.74451,-0.97171,-1.5126,0.70057,0.73764,0.30362,0.16294,-0.69283,-0.015208,-0.48835,1.8454,1.3485,0.44916,0.92809,-1.1331,-1.3242,0.0687,-0.38757,0.53563,-0.66867
2004,-0.26102,0.63339,-2.1209,0.20295,-0.95193,-0.31391,0.7652,0.30143,-1.2888,0.15383,-0.092931,1.1146,-0.2951,-0.79612,0.31772,-0.28341,0.40282,-0.47847,-0.58958,-0.021296,0.2625,2.1507,0.67653,-0.60666,-0.1418,-0.71314,-1.0349,0.29376,0.16594,0.60293
2005,0.022202,-0.83405,1.2789,0.26993,0.28557,1.1474,-1.4307,-0.22741,0.78035,1.3393,0.79813,-0.075616,1.8666,-0.61305,1.2044,-0.51467,-0.29505,-0.52952,-1.7209,-0.067172,-0.46568,0.043018,-1.6601,0.27581,-0.025386,-0.26878,1.24,0.47726,-0.44979,1.1692
2006,-0.833,1.1076,0.6275,-0.56557,-0.23819,0.082515,-1.2785,2.024,0.065583,-0.24689,0.54127,-0.78738,0.3465,0.78747,1.8369,-0.23827,-1.0441,-0.20393,-1.2936,0.7174,-1.0883,-1.3813,-0.98031,-0.15319,0.1726,-0.76812,0.20282,0.060647,-0.46276,-0.3767
2007,0.59275,0.78717,-0.86114,-0.48112,-0.62587,0.277,0.29466,-0.44212,0.83298,-1.2029,-0.87052,1.2953,0.56992,0.020454,-1.012,-0.2792,-0.23933,-0.63984,1.729,-0.97271,0.29456,0.088087,1.3369,0.058393,0.52767,-0.29139,0.11528,-1.0447,-0.0099512,-0.3048
2008,-1.3393,0.83439,-0.30684,1.1899,0.9205,-0.46285,-0.99933,-0.0087897,-0.044245,0.01117,1.5207,-0.91852,0.93362,1.6048,0.15716,0.65916,-0.22063,1.0818,-0.27075,0.94156,1.1668,1.2947,1.6353,0.99283,0.47983,0.75681,0.15297,-0.64523,-0.047676,-0.45257
2009,1.1204,-0.37948,-1.5519,-0.26551,0.18883,0.2227,0.33329,-0.3997,0.57602,-0.26699,1.0404,0.1119,-0.53907,0.56726,-1.3626,0.55778,-0.56813,-0.42248,0.53761,0.71296,0.37305,-0.45711,-0.79417,0.46651,0.89576,-0.12314,0.10189,-1.2504,-0.59306,-0.88675
2010,1.5606,-0.27103,-0.55835,-0.12377,-1.54,-0.29045,1.0347,-0.71944,0.99956,1.9658,-0.46097,-0.91108,0.83854,0.57153,0.17057,-0.55827,1.4681,1.0951,0.26764,0.44622,-0.23698,-0.01303,-1.6833,-0.96515,1.1782,0.55422,0.32272,0.87471,-1.2771,0.057455
2011,-0.12695,0.71254,0.58372,1.3289,0.16914,-0.44024,-0.16229,0.013071,0.88281,-0.20497,0.44579,0.56843,-0.12523,0.13537,-0.20911,0.17654,-0.73885,-0.99149,-0.099937,-0.060659,-0.90641,-1.3071,0.53598,0.089254,1.0037,0.97391,1.6262,0.81991,-0.39674,-1.2682
2012,0.27367,-0.77376,0.19727,1.1325,0.092498,0.25861,-0.63595,0.35118,-0.21632,-1.0737,-1.4681,0.38597,0.35816,-0.058993,-1.1035,-0.37096,0.84886,0.077653,1.1568,-0.69692,-1.2995,1.0314,1.2526,0.22707,-0.66021,0.68619,0.77648,1.4544,1.0098,-0.11661
2013,1.4892,0.17787,-0.16717,0.60262,-0.63789,0.78865,0.26423,-1.1921,0.86821,0.043175,0.18911,-0.71643,0.5242,1.0167,-0.17771,0.18022,-0.22898,1.0289,1.2137,0.67442,0.41226,-0.33351,0.54937,-1.3215,1.7732,0.18323,-0.25981,-0.71406,0.97699,0.50819
2014,0.1766,0.1977,1.1406,-0.036871,-0.58735,-1.2094,-0.39521,1.1847,1.1922,1.0076,0.67605,1.4185,0.13061,0.4181,1.5708,-0.44348,0.26771,0.22402,0.75462,0.53177,0.31805,-1.3593,0.51876,1.4949,0.45044,-1.115,-0.43927,1.0481,1.0492,1.9447
2015,-0.66016,0.94145,0.33377,-0.3125,2.0252,0.85898,1.9167,-0.17352,-0.26412,0.14973,1.456,1.4961,-0.2148,-0.68651,0.21969,0.44346,1.2974,0.51562,2.387,0.74127,-1.1897,0.6682,0.77727,0.28239,-0.42717,1.1632,2.1291,0.65088,-0.70192,-0.021996
2016,2.1194,1.1068,-1.4455,-0.77854,1.5174,1.6067,0.90408,1.5348,-0.4606,-1.2474,0.48962,0.35086,-0.39972,1.5179,0.040691,0.033729,1.0282,0.65423,1.172,1.0325,1.0359,0.84923,-0.18119,1.8424,0.89155,-0.15667,1.6833,0.94662,1.694,1.2142
2017,-0.52577,0.088864,0.41232,0.7165,0.57568,1.8363,0.25414,1.2857,0.19992,0.10269,0.96445,-0.78834,1.6311,1.1637,1.0144,-0.3047,0.46563,0.4167,-0.0068268,0.80311,1.9437,1.3217,-0.65291,-0.091774,0.8438,0.34435,-1.382,1.8412,2.3925,1.7199
2018,0.56019,0.94596,0.38675,0.029412,1.8074,0.8251,-0.38303,0.72572,1.8769,1.9524,1.5632,-0.11296,-0.79017,0.39114,-0.50951,1.6909,0.72635,1.518,0.42372,1.0305,-0.72425,-0.36761,-0.63257,0.44051,0.35962,1.1872,-0.12912,0.4885,0.80564,1.9412
2019,0.20044,2.2764,1.6535,-0.20533,1.7284,0.34224,0.20391,1.3674,1.3337,0.9609,0.8899,0.45735,-1.4257,0.50782,0.75331,-1.0703,0.91297,1.9725,0.28948,1.5055,-0.038645,-0.76882,-1.5552,1.2388,0.39653,1.6808,0.82899,0.90326,0.49641,-0.55639
2020,1.7919,0.66497,1.7775,0.26363,1.2087,1.1062,1.4604,-1.0518,0.91902,-0.20282,-0.04404,1.0368,1.0703,0.89916,0.96697,-0.20189,2.3154,-1.3819,0.88362,1.1413,0.12222,-0.43111,0.30447,1.7879,0.92904,-0.34732,1.3272,0.23401,0.45491,0.89499
2021,2.0814,2.392,0.30953,1.351,2.9291,0.89118,0.5592,1.2593,-1.4016,0.63505,0.090117,-0.2196,-1.0673,1.8884,2.1825,-0.94782,0.44269,1.5766,0.24982,1.4312,1.6744,0.30179,0.48644,2.3255,1.664,1.0882,-0.73282,2.5251,0.33506,0.14561
2022,0.81851,-1.366,0.53368,1.7791,0.96781,1.9479,1.1986,0.97116,1.1634,0.46684,0.066635,-0.092808,1.4706,0.10554,0.22361,0.50832,1.7315,0.7897,0.3827,1.2904,1.4376,-0.38412,0.96917,0.97457,0.85653,0.35788,1.6739,0.98646,0.34819,0.88197
2023,0.6497,0.52247,-0.16483,1.4276,1.4491,0.17257,0.70886,-1.0605,0.43727,0.16644,-0.50121,0.55939,1.2905,1.3845,0.45122,0.17729,2.3965,0.30856,0.42458,-0.24829,2.0361,0.70689,0.89592,2.5002,0.49759,0.05941,-1.1634,1.8907,1.133,1.3318
2024,0.87478,0.70897,1.3567,2.1859,2.066,2.0979,0.070619,-0.6529,1.2751,-0.10623,-0.86009,1.1753,3.103,0.43984,1.4536,-0.049831,2.1005,-0.57594,2.7853,-0.52742,1.7264,0.75807,-0.11196,0.025442,0.3494,2.3287,-0.92841,1.5868,2.3633,-0.084779
2025,0.56888,0.58193,2.1425,0.73661,2.1118,2.6827,0.8047,-0.26296,1.0394,2.5506,-0.92247,-0.42901,-0.1158,2.9553,0.41296,0.23909,1.5342,1.2893,0.21777,2.9508,1.5113,-1.1597,-0.54957,2.6316,0.28316,1.2058,1.5321,2.3854,2.2498,-0.26509
2026,1.1635,0.87954,0.22823,-0.28227,2.5651,0.56495,0.93536,0.012212,0.25897,2.2292,-0.58316,-0.38839,-1.0305,0.84465,1.6026,0.67618,0.51945,-0.17405,-0.063319,0.42569,1.476,0.2584,0.18487,1.759,0.9889,0.35392,1.8472,1.2121,0.93274,2.6299
2027,1.1619,0.011932,0.47105,0.21746,2.9726,3.8748,-0.12464,2.394,2.4624,0.41273,0.52829,1.0396,0.79804,2.348,0.88401,-0.57976,1.5273,1.464,1.1245,1.3316,1.431,1.0456,0.32489,2.2284,1.7154,1.074,4.2742,0.7711,1.7975,2.294
2028,0.41422,-0.086163,0.5489,1.5207,1.0955,0.52561,0.73167,1.1243,2.0346,0.41273,0.50815,1.3576,-0.70964,0.81469,0.38778,-1.0355,1.2086,0.24796,0.75383,1.142,1.8166,-0.021107,-1.1291,2.0087,0.29453,-0.01181,-0.16741,0.82169,1.9008,1.4743
2029,2.0153,0.90886,0.80113,1.4642,2.4349,1.812,-0.68905,2.1689,1.4912,0.78966,-1.611,0.78386,-0.43877,1.6011,-0.46004,-0.44138,2.4889,1.511,1.003,2.8193,-0.048693,0.016416,0.56774,0.48745,0.93231,2.3031,0.27722,1.3873,1.6417,1.226
2030,2.1935,2.3422,-0.57488,2.4993,0.87164,1.7954,1.1064,2.2496,0.99552,1.9411,-0.57056,0.063602,2.1859,2.0726,-0.070302,0.47876,1.3624,0.59165,1.2541,0.93859,0.41812,0.46106,-0.68439,-0.36787,-0.51991,0.97045,2.5991,1.7352,-1.3092,1.9962
2031,1.8758,0.40267,1.3283,-0.26346,1.3368,2.7035,-0.66213,1.0096,2.395,-0.8494,0.78544,0.36833,3.0439,0.85329,1.408,1.6808,1.0717,0.95778,0.29707,2.3717,0.71615,-1.7663,-0.03619,1.7339,1.5189,2.6676,2.8181,1.5528,2.6677,1.2016
2032,1.3463,1.5795,1.6633,0.67299,1.4601,1.296,-0.38983,0.90328,2.6256,0.27621,0.51367,0.12782,-0.61389,0.42474,0.31472,0.12438,1.7767,0.61142,0.62427,1.5912,0.4484,0.69902,1.4381,1.7695,1.0787,0.39078,2.8406,-0.23354,1.4871,-0.0043844
2033,2.3065,1.1559,1.041,0.77742,1.4912,2.4477,2.2034,0.63099,2.6605,-0.43729,0.13474,-0.42781,1.6443,0.80336,2.1871,-1.2211,2.0065,0.38219,0.8307,1.3547,1.5963,2.4846,0.30539,2.293,1.6068,-1.3615,0.91139,0.39343,-0.11433,1.1653
2034,0.70232,0.27232,0.49582,-0.73342,0.62005,-0.57311,1.1015,1.3097,1.6153,0.29688,-0.68053,2.7548,-0.094105,0.76205,0.85476,0.86251,1.2618,0.12341,0.93817,0.89747,0.51994,-0.23616,-0.0098625,3.8387,-0.44837,2.4023,0.76729,3.4954,1.0563,0.13276
2035,1.2736,1.4318,-0.26186,2.301,1.6434,0.035537,0.28868,0.96209,0.74053,0.83019,0.095302,3.1563,0.77264,1.8072,0.9798,0.60197,3.1585,1.4294,1.6021,2.8288,2.3059,-1.0496,-1.3813,2.3661,0.97695,2.7461,1.8241,2.3634,2.8145,0.66111
2036,1.9554,3.0665,1.923,-0.41294,1.6681,4.1132,-1.175,2.2564,1.1945,0.94927,-0.10052,0.20871,0.59076,1.3996,0.11386,-1.1742,2.7585,3.083,0.88273,0.84254,1.3479,1.1137,1.3998,1.5831,1.1384,0.73413,3.1677,1.4065,0.94597,0.16115
2037,1.5286,0.45198,1.3983,1.4789,1.6911,1.2096,1.7003,0.66384,1.3379,3.0346,0.91652,0.89845,0.72043,2.5814,0.69927,-0.32193,2.025,2.1284,1.1029,1.8927,0.023341,0.026637,0.77691,1.1149,0.93507,0.92706,1.4544,0.7021,-0.64674,0.34647
2038,1.9425,1.0558,0.858,0.83127,3.2455,1.3124,-0.44471,1.8543,1.537,2.9261,1.6815,1.4919,0.27512,0.75124,0.29501,1.0871,1.4146,-0.37622,0.025024,3.0417,0.9952,0.95325,0.15085,2.9625,1.8302,3.3036,1.0318,1.5745,1.9742,-0.067643
2039,1.8329,0.53142,0.51055,1.4487,2.2904,0.38684,0.30934,1.4846,0.6754,-0.67671,-0.32789,0.77416,1.0596,1.8505,0.40414,1.4671,0.67994,1.3722,1.9536,1.1727,0.82234,0.9619,0.13734,2.6256,0.93847,1.422,-0.074767,1.5109,1.4082,0.47607
2040,2.8733,0.76199,1.8052,0.7608,1.8688,1.1771,-0.011992,2.0696,2.9732,1.0512,0.75416,2.3289,0.9301,0.61915,1.9554,2.1089,0.9802,1.4278,2.667,2.7521,1.102,0.32015,0.49774,3.0521,2.1615,1.7079,0.50823,2.3761,2.7815,-0.19762
2041,2.6513,0.94793,2.5126,0.68539,0.7875,0.47893,0.29369,1.1372,2.115,0.088776,0.80926,1.9464,-0.51734,1.5114,0.91401,0.30704,3.468,1.2997,1.4431,1.5302,3.7311,-1.2782,1.1686,2.0362,1.2311,3.0239,1.6938,2.2929,2.1336,0.84162
2042,2.1794,1.2919,1.9946,-0.36212,2.375,2.0946,2.2336,0.69873,1.8662,1.3074,2.435,0.10747,0.68413,1.3298,2.1854,-0.10107,3.3327,0.098467,1.5438,1.8801,1.8033,0.14213,-0.30886,3.1573,1.633,1.1044,1.503,1.6758,2.1894,1.2057
2043,1.1388,0.99193,0.80323,2.0295,3.0501,0.85208,-0.96863,2.3843,1.3971,-0.56006,0.18685,1.1346,4.455,0.88944,1.086,0.64663,0.33089,0.21779,1.9029,1.5624,-1.2615,2.6756,-0.80078,3.9666,1.0779,1.2763,-0.25859,1.8719,-0.28735,0.69751
2044,2.8765,3.3149,1.2725,0.7906,1.4169,3.1281,1.5682,1.0427,2.1059,1.4213,-0.42459,2.2388,-0.53641,0.80818,1.249,1.7882,2.7278,1.6255,1.0669,1.1718,-0.22269,0.87455,0.18112,2.0911,-0.39728,1.0091,0.72318,2.526,2.6688,1.6276
2045,2.747,3.4415,0.81045,-2.1366,2.0141,0.86679,-0.029116,1.0522,2.1188,2.071,1.0544,1.035,0.75881,2.6043,0.96214,0.43225,4.4485,1.5486,3.2448,1.3131,0.56343,2.1141,0.72653,2.3864,0.61577,1.7856,2.5725,0.56124,2.3686,2.1108
2046,0.98206,2.0318,0.68475,2.3743,1.3978,1.8802,1.5511,2.3751,1.5082,1.6448,0.81439,1.077,2.6311,0.57878,1.5153,3.0866,3.4013,1.0031,2.3627,3.0084,2.7534,-0.61533,1.7663,3.4528,1.2433,3.294,1.9351,1.9076,1.3794,0.59627
2047,2.0017,0.43177,1.3949,2.8785,2.4598,0.87287,-0.26563,2.5361,2.0349,0.57949,1.8045,1.4246,-0.33782,2.0579,0.6932,0.8274,0.86542,1.3914,3.3085,2.5738,1.2224,-1.5336,2.6366,1.3389,2.2456,1.5822,2.5858,-0.5113,2.7992,0.82584
2048,2.0943,1.3411,0.53839,2.1139,1.2059,0.85076,1.9565,0.25836,1.595,1.1378,1.1151,1.9066,1.4414,2.1678,0.84401,0.50889,3.3154,0.92537,2.6991,2.54,1.543,0.64321,1.3327,3.7471,2.7849,2.2697,0.51377,1.4086,3.0087,2.0476
2049,2.0538,0.036991,2.4582,2.1944,1.7842,2.1366,3.0142,3.6227,2.6452,2.3663,-0.55442,1.9464,2.024,1.4077,0.048334,-0.13682,0.8842,0.04399,1.9344,1.8726,1.2885,1.1799,0.90564,4.4912,1.2947,1.2087,0.7633,2.2161,2.0784,0.36124
2050,2.2185,1.3999,2.8754,3.1288,1.9435,2.3022,0.49357,2.3048,1.1749,1.0101,-0.66435,0.65168,1.415,1.5605,-0.20873,-0.14435,2.1419,1.0456,0.75118,1.9812,1.7595,2.5148,0.86067,3.2154,1.6168,3.0729,1.6903,2.5793,2.4292,1.9425
2051,3.0869,2.2863,-0.38575,2.3636,2.0992,1.4323,0.20667,2.071,0.31887,-0.87021,-0.20337,2.4366,0.10025,1.4691,-0.081536,1.3663,1.7239,1.7822,1.4066,2.7856,2.2055,0.061973,-0.34798,1.3655,3.2783,2.3982,2.2867,1.1428,2.5533,1.0944
2052,2.5554,2.9522,0.61104,0.59277,2.9129,1.8009,2.058,1.2002,2.5016,1.8641,0.082732,1.7379,0.16301,0.97852,0.014097,1.4536,2.3102,2.0502,1.248,2.1921,2.0088,0.22317,1.3536,3.1282,1.4656,0.85855,0.59639,2.6671,1.9123,2.485
2053,3.0203,0.86574,2.0239,2.3527,1.2677,1.1491,1.2881,2.3112,2.4195,0.33771,0.94493,1.8999,0.56672,1.7543,-0.57288,1.4317,2.1498,1.1072,0.99545,2.1708,1.2134,0.90681,1.3151,3.6691,1.2867,1.4174,1.2743,2.0955,0.941,1.9092
2054,3.5048,1.8681,1.3676,1.1173,2.2426,1.0247,1.9048,2.4808,1.6553,-0.050856,0.19986,1.3533,0.75007,1.2849,1.0953,1.5668,3.3782,1.7855,1.7695,1.6449,-0.10484,0.076048,0.56536,3.2289,2.3928,2.9516,1.2214,2.4537,1.3091,0.2576
2055,2.8955,1.9034,1.9126,1.244,3.2296,2.6225,3.7013,1.6355,2.1023,-0.3818,1.6697,1.0048,0.67918,1.5964,0.58164,0.072813,3.9193,1.3427,2.368,1.2086,2.5131,0.39766,1.5591,3.2124,1.9474,3.4581,1.5515,2.8212,2.4282,2.0534
2056,2.4755,1.1942,0.473,1.1616,3.0108,1.6228,2.2987,2.5429,2.2399,0.8387,1.5304,0.10096,1.6675,2.3743,0.51891,1.3018,2.7582,1.356,2.6497,1.2115,3.159,1.8521,0.21649,4.6016,1.8879,1.2627,1.4579,3.0605,0.5564,2.3176
2057,2.5283,1.1352,0.96091,0.61185,1.3815,1.7102,1.7103,1.335,2.342,0.63736,1.6215,2.407,3.0818,0.097828,0.63602,1.5392,0.47422,1.2513,1.4628,3.9671,0.93584,1.5512,-0.43039,5.1361,0.50918,2.7389,0.48372,1.8416,2.8893,1.5255
2058,2.6969,3.1074,0.69125,3.3226,1.0739,1.857,3.0975,2.6493,0.78018,1.6143,0.057139,0.19451,2.791,2.4902,1.9765,-0.33436,3.0431,1.2317,2.7943,2.0745,0.52397,1.4712,0.49208,4.7269,2.3943,2.8627,1.3144,1.6776,1.0062,2.8696
2059,2.6217,2.9872,2.5434,2.4008,2.3052,1.4047,-0.86962,-0.41443,1.3547,2.2481,0.038498,1.441,0.88737,2.4602,1.5258,0.25419,1.0203,1.0078,2.2975,1.7353,2.1403,0.74032,-0.060761,2.4155,2.9979,1.1268,1.832,0.95307,3.0723,0.97557
2060,3.4076,3.2137,1.6992,3.1793,3.6918,2.1798,0.98352,1.7516,1.404,1.0053,0.13564,1.3212,0.27079,1.3212,0.32709,0.78022,3.6245,1.4161,2.2844,2.4215,2.4598,1.2961,2.1718,2.3111,2.6309,3.7213,-0.58002,2.0929,1.3579,0.22166
2061,3.2088,2.1291,1.2498,1.3461,2.0967,4.0466,0.78255,3.6752,2.3571,0.88856,1.6023,1.6421,0.57037,1.0046,0.69657,0.72014,2.7651,2.1443,1.1946,1.986,0.78501,0.83565,0.24675,4.1097,2.923,2.3786,0.44953,3.3811,2.8981,1.0884
2062,1.4653,1.5293,1.8222,3.2804,2.1128,3.3168,0.97889,2.183,2.4781,0.17018,0.90311,0.58637,-0.71397,2.0847,2.5321,0.50867,3.8353,3.4818,1.9948,2.0053,-0.029029,1.0212,-0.56921,2.7123,2.012,2.1922,3.1584,1.5998,1.6013,1.3903
2063,3.1127,-0.19031,-0.48829,1.9855,2.7854,2.4098,1.0212,1.4533,1.4422,1.1219,0.26029,0.79466,1.1877,2.3191,1.2817,0.19821,3.9436,1.9848,1.1746,3.0073,0.73011,-1.1752,1.0612,3.8202,1.7837,-0.24108,1.8531,2.5116,3.0188,1.2796
2064,2.5281,2.0689,1.1112,2.5659,2.5504,0.86837,-0.096446,2.1984,2.3179,2.6846,1.338,0.64915,0.092498,2.2255,1.4874,-0.8398,2.7153,1.966,2.1838,2.4317,2.9233,1.3153,0.49105,3.5807,3.8707,2.2383,2.1036,2.7204,2.0841,1.1409
2065,1.895,0.74616,1.2233,2.5023,2.4554,2.4967,1.7372,2.2381,2.6611,0.54791,1.7397,0.95552,1.6427,2.1196,0.62616,0.83623,2.8136,0.81917,1.4204,0.7876,2.4602,0.67373,1.0946,3.555,2.6101,2.4346,1.4526,1.5211,2.8822,0.98746
2066,3.891,1.0029,1.9874,1.0672,3.9216,0.75639,1.5766,1.2018,0.89802,1.5525,0.024064,2.8062,1.2322,2.8276,1.5946,1.0188,3.3126,0.53389,2.3308,2.3806,1.4112,0.1726,1.9827,3.0901,2.4112,0.59123,2.0767,1.5569,1.5837,2.1602
2067,3.7317,1.1776,0.78475,3.7402,2.4581,2.7217,2.3052,1.2504,1.9085,1.2181,-0.57954,0.52858,0.42972,1.0993,0.71556,-0.31544,3.432,3.3932,1.9579,1.8865,1.3375,1.0741,1.5667,3.7625,0.77164,1.0827,1.5704,3.994,3.009,1.9697
2068,2.8764,0.54696,0.61189,1.4611,1.8228,2.7763,3.0131,1.9851,1.3202,0.96687,0.39016,0.36717,1.5795,2.757,0.57767,0.39628,2.3728,3.2324,1.2482,3.3238,2.1934,0.33528,1.0253,2.6909,2.1635,1.8579,3.3797,2.7547,1.4993,2.0892
2069,2.5469,0.92086,2.3195,1.7333,2.5611,3.4377,1.0121,1.9391,3.4566,2.836,1.1457,1.3586,1.7425,2.557,0.24483,1.2808,3.2606,2.5709,3.3688,2.2503,3.7125,2.572,1.6732,1.8375,1.8663,0.84059,3.0307,1.9848,1.8926,2.1481
2070,2.4079,-0.23717,-0.043008,3.0643,2.6486,1.478,3.7211,2.5399,1.1354,0.58175,0.031314,2.1541,1.3314,2.8157,0.14677,2.0992,4.1032,3.1327,3.8111,2.0133,1.7491,0.65662,0.18385,3.1289,0.81066,1.8984,1.7838,3.3463,1.9761,2.0182
2071,1.8642,0.76289,0.76122,2.9415,3.3011,2.0182,1.9984,2.2833,2.4604,0.89647,0.77187,1.1772,2.4063,1.0734,1.8876,0.81609,3.5952,1.9756,1.5355,2.8857,1.783,0.90893,1.4201,3.0303,1.6448,0.51418,3.2494,2.8848,3.7792,2.4018
2072,2.8154,0.58905,0.87058,2.1919,3.0118,1.6525,1.2456,3.0848,3.3608,0.78813,1.6305,-0.080536,1.1507,2.1803,2.0284,1.8994,3.6516,2.1203,1.3421,1.3816,-0.28856,1.638,0.8407,4.8471,2.1755,1.0454,1.0621,1.6659,2.3635,1.8692
2073,4.2143,2.0871,1.7277,-0.53974,2.9928,2.8624,0.31195,3.1227,1.6065,-0.46491,0.38936,0.12208,1.9304,1.6163,0.62319,3.757,2.2801,0.80574,0.80732,3.0195,2.5608,0.72005,2.2367,3.845,3.3483,3.0093,0.22886,-0.18939,2.7262,1.2093
2074,2.8652,1.8244,0.50836,1.7551,1.1072,1.4591,2.0629,2.868,2.2789,1.5625,1.2879,2.8499,2.9012,1.4891,0.61086,3.2063,3.7152,3.1243,2.5462,1.7005,3.3184,0.24214,1.22,3.3046,2.3738,1.1168,2.4163,2.7081,3.3264,0.82384
2075,4.8658,2.7997,1.5323,0.60252,1.659,2.9252,1.1642,2.599,2.1327,0.7874,2.061,1.9136,1.4163,3.1882,1.7461,-1.6204,3.8624,1.1288,3.684,1.1609,1.3149,1.2084,0.36343,3.3001,0.81993,2.1779,1.5356,2.5709,0.93387,2.4957
2076,3.5989,1.0518,1.1602,2.6365,3.399,1.6914,0.3056,1.3014,3.8691,1.2815,1.767,2.6894,0.47707,1.6221,0.5148,1.7906,4.0663,-0.94352,2.2892,1.8239,0.91777,0.3639,0.97331,4.8726,1.2967,1.4231,0.94412,1.961,1.3297,2.0988
2077,3.2726,1.273,1.8997,2.9573,2.4161,2.2431,1.2297,2.9306,3.3198,-0.75611,3.0139,0.72856,1.0773,2.6657,0.21393,0.297,3.8562,1.8343,2.1841,1.0671,0.72155,0.66106,1.1055,4.6849,2.786,0.52831,2.045,3.8297,2.0613,1.8406
2078,3.6879,1.258,0.8047,2.7019,2.5163,2.25,-0.84569,2.613,1.8307,1.462,0.73829,2.1962,1.1345,2.2151,0.80552,0.4316,2.8696,2.395,3.0818,2.4465,3.4129,2.1025,1.1559,4.5612,1.9941,1.4755,3.379,0.76473,2.9939,2.2946
2079,3.4953,1.2771,1.8457,0.75865,1.7187,1.6861,0.60324,1.6767,0.3551,3.1902,1.4469,0.36361,1.5242,2.0265,1.1954,0.64008,3.8425,1.795,3.5934,2.1389,0.9546,1.1367,2.7498,5.5567,1.0254,1.4328,2.817,1.2577,3.8034,1.7852
2080,3.428,1.3242,0.37121,1.2917,3.0756,1.8265,2.4353,0.75566,2.8285,1.5583,-0.18633,2.6734,0.27388,3.6011,3.0871,0.95559,4.4994,2.78,3.7484,2.2335,-2.57,-0.14072,2.706,3.9424,1.3432,4.1326,2.4137,1.9298,1.6483,-0.71583
2081,2.581,0.43424,1.8169,3.0302,1.8427,2.9345,0.92826,3.3277,1.6249,2.4174,1.9703,0.27887,1.9194,3.8313,0.66725,1.0247,4.454,0.93869,2.9221,1.9479,-1.3781,1.6188,1.6595,6.2231,2.6991,2.8419,2.4016,1.5324,3.603,2.2506
2082,3.1928,1.5577,0.91756,3.8253,1.5354,4.8054,3.2781,1.9835,2.5966,-0.16507,2.7299,0.62014,2.5502,3.2831,-0.19,1.2663,4.1841,1.1914,4.4796,1.8843,1.2895,0.94054,2.0503,4.5394,0.62023,1.4428,0.51654,2.7328,1.1281,3.1852
2083,1.7512,1.7202,1.6482,0.81089,2.0979,3.2566,2.9585,1.2301,1.8873,1.5423,2.2648,3.773,-0.014583,2.7168,0.56356,-0.50872,4.9915,-0.39825,2.0459,3.1719,3.0106,1.2981,1.7069,3.2571,0.66337,3.6211,2.1157,3.0987,3.1026,3.4157
2084,2.672,2.535,1.5511,2.6622,1.8188,3.1715,1.8402,1.9545,3.0036,1.9929,-1.0898,1.8297,0.24832,1.7983,1.0861,1.1194,2.8012,1.1378,1.9085,2.5077,2.4192,1.403,-0.38008,4.1242,0.97888,2.8838,2.3821,3.3996,0.91709,3.098
2085,3.3996,2.8485,1.9286,-0.27,2.01,2.6462,2.6986,1.9184,2.1628,1.3322,2.11,0.027869,0.9148,1.9503,0.36201,2.5559,3.1663,1.4926,1.8437,2.5196,2.6323,2.4262,1.573,5.3228,-0.1475,1.6848,2.0019,3.1589,3.2976,1.462
2086,3.0581,-0.4365,1.4266,1.9519,2.9584,3.5249,0.16519,3.6972,1.7498,-0.026284,1.4702,0.5395,-0.11195,4.2567,0.8187,-0.074104,4.9657,1.625,3.4641,1.0451,2.0231,1.7566,1.2094,3.7451,2.1964,1.4966,1.3344,2.5723,3.0896,2.1473
2087,2.4379,1.6664,2.3875,0.57548,3.9485,4.3908,3.4236,3.1591,2.4331,0.76851,1.4192,3.9017,2.7046,1.8592,2.822,0.96031,3.9395,1.8425,3.1366,2.9753,-0.020581,-0.048095,1.4869,5.373,3.1282,3.056,2.0536,2.5485,2.9596,2.4808
2088,4.2765,2.6731,1.2733,0.75678,4.0522,1.4094,4.4634,2.904,2.6955,1.1377,1.4029,2.0967,1.2576,3.3145,1.3754,2.3349,3.7081,2.4198,3.5754,1.6928,-0.060723,2.7382,1.2753,4.0836,3.4319,0.40981,3.5348,1.1702,3.1705,1.9691
2089,3.6419,3.2314,0.92842,1.5738,2.7661,1.5516,3.4473,1.6043,2.6959,1.4667,2.0814,0.66815,1.9191,3.0698,0.9617,2.0014,3.3061,2.0805,2.9783,3.1987,1.8431,1.3836,1.3508,6.0003,1.4354,2.253,3.5874,1.5493,1.815,2.995
2090,2.419,1.7572,1.4145,2.5553,3.2347,2.0454,2.9922,3.1011,4.3526,0.97843,1.2214,0.45087,0.78091,3.3242,2.2512,0.69418,3.7836,4.4546,2.8341,3.0277,1.891,0.79329,2.3883,6.1326,1.6748,3.1557,3.2177,2.2409,2.9444,1.7831
2091,3.9421,2.478,2.4055,3.4985,2.6667,1.429,2.4343,1.8779,3.1694,2.0688,-0.61029,0.58319,2.284,2.9188,1.3301,1.8945,4.6731,3.0931,1.0095,2.623,2.9893,1.7607,1.8516,7.0701,2.043,2.1265,3.2422,1.3647,2.1515,1.7784
2092,3.6289,2.4638,2.0226,1.6427,3.1836,4.4579,3.4641,3.2282,1.1702,1.6028,3.5672,1.3462,4.732,3.691,0.21453,1.9902,3.9725,1.679,3.0112,3.4743,2.2233,2.5517,1.7278,5.3144,1.5844,2.0445,2.0247,2.2845,1.31,2.9514
2093,2.9082,2.0079,0.51569,0.73208,2.9929,3.5565,1.2343,3.8983,2.8858,2.2396,1.7773,2.044,0.90619,4.4978,3.1483,0.92467,1.9484,1.9947,4.3609,2.6585,2.6477,1.2702,1.9611,5.0376,1.9684,2.2082,2.0917,1.6916,2.0253,1.8141
2094,4.6968,3.357,2.093,1.9391,2.535,2.3618,2.7167,2.6073,3.6224,1.5964,0.62999,1.9281,2.2127,1.8499,1.4921,3.0827,4.4849,2.1174,3.0776,1.9076,2.7446,0.28391,0.55499,4.2765,3.048,1.418,2.5821,3.21,3.954,3.9099
2095,3.0046,0.29392,1.7562,4.1039,1.4354,4.4293,3.88,2.0267,2.9788,-0.75466,0.85317,1.9093,-0.28466,1.7189,0.51178,3.5879,4.1862,1.8331,3.4621,2.6489,0.98845,2.3283,0.10833,4.3401,3.5646,0.49361,3.4475,2.522,2.3056,1.4238
2096,3.1265,1.4023,0.59619,2.542,2.0813,2.9596,2.4405,2.7623,2.2634,3.2583,0.83209,2.9319,1.368,1.8618,1.601,3.9179,3.1706,0.10502,3.4549,1.2881,0.23237,1.6387,0.97796,5.1531,1.9965,3.5588,4.5798,2.5909,1.8698,1.8894
2097,4.7088,1.524,0.98155,2.4234,3.1168,2.4948,3.1289,3.3928,2.4567,2.2542,0.13885,0.56016,1.7142,3.2541,1.8117,1.5944,3.311,3.6047,2.2402,1.1981,2.8347,2.8572,2.1873,3.2429,1.3877,3.088,2.1443,3.8014,4.449,3.8712
2098,3.3162,2.8354,2.56,2.0493,2.7544,2.7672,4.6949,1.3495,3.7608,1.9134,2.9221,3.7676,1.2979,2.893,2.188,1.01,3.3622,0.34538,3.3802,1.3363,2.6268,1.8267,0.98128,3.6445,1.547,3.0679,1.2209,1.1338,2.6501,1.2648
2099,2.335,1.4835,0.9863,2.8906,3.114,2.8966,1.7842,4.0235,1.4395,1.927,1.7895,2.4432,0.13952,2.8756,2.237,0.86357,2.829,2.0594,1.8722,2.13,2.72,1.1028,2.7605,5.4489,3.5325,1.7262,2.0303,2.0241,2.0218,1.6146
2100,4.2435,1.9767,2.8807,2.548,2.4293,4.9237,3.3614,1.9299,1.89,0.31859,0.32454,2.5236,0.93789,3.7262,0.055616,1.2999,2.6141,2.6579,2.5595,3.2703,0.70394,1.4835,1.7193,4.2138,1.5493,0.9628,0.54747,1.1465,3.8755,2.938
